{"extVersion":"1.29.9","name":"中医体质辨识--老年人","icon":"riGlobalLine","table":[],"version":"1.29.9","drawflow":{"nodes":[{"id":"waa3SSDMpEa4sx9QRF93h","type":"BlockBasic","initialized":false,"position":{"x":-2026.4895518286307,"y":-831.1986607893617},"data":{"url":"","date":"","days":[],"time":"00:00","type":"manual","delay":5,"interval":60,"shortcut":"","isUrlRegex":false,"parameters":[],"description":"","contextTypes":[],"disableBlock":false,"activeInInput":false,"observeElement":{"selector":"","baseSelector":"","matchPattern":"","baseElOptions":{"subtree":false,"childList":true,"attributes":false,"characterData":false,"attributeFilter":[]},"targetOptions":{"subtree":false,"childList":true,"attributes":false,"characterData":false,"attributeFilter":[]}},"contextMenuName":"","preferParamsInTab":false},"label":"trigger"},{"id":"pdrcxdr","type":"BlockBasic","initialized":false,"position":{"x":-1679.1283181996682,"y":-795.5701844863928},"data":{"url":"http://172.30.0.253/phis/index","active":true,"inGroup":false,"tabZoom":1,"userAgent":"","description":"","disableBlock":false,"updatePrevTab":false,"waitTabLoaded":false,"customUserAgent":false},"label":"new-tab"},{"id":"wvape2m","type":"BlockBasic","initialized":false,"position":{"x":-1656.0738089138954,"y":-576.7408294496597},"data":{"disableBlock":false},"label":"active-tab"},{"id":"tpvsxza","type":"BlockPackage","initialized":false,"position":{"x":-1121.7241238142183,"y":-780.6144684417874},"data":{"author":"supra_lucky","content":null,"createdAt":1744113295555,"data":{"edges":[{"data":{},"id":"vueflow__edge-wdyhxmnwdyhxmn-output-1-vwzkirlvwzkirl-input-1","label":"","markerEnd":"arrowclosed","selectable":true,"source":"wdyhxmn","sourceHandle":"wdyhxmn-output-1","sourceX":-1382.8587196781127,"sourceY":321.80118195239675,"target":"vwzkirl","targetHandle":"vwzkirl-input-1","targetX":-1600.8461954342597,"targetY":471.1405816496228,"type":"custom","updatable":true},{"data":{},"id":"vueflow__edge-wmefi04wmefi04-output-1-iy657bziy657bz-input-1","label":"","markerEnd":"arrowclosed","selectable":true,"source":"wmefi04","sourceHandle":"wmefi04-output-1","sourceX":-972.2516467674957,"sourceY":-439.78752646057114,"target":"iy657bz","targetHandle":"iy657bz-input-1","targetX":-1702.2422165967873,"targetY":199.04789032764498,"type":"custom","updatable":true},{"data":{},"id":"vueflow__edge-8ylffnm8ylffnm-output-1-o5hypi7o5hypi7-input-1","label":"","markerEnd":"arrowclosed","selectable":true,"source":"8ylffnm","sourceHandle":"8ylffnm-output-1","sourceX":-276.94873328359813,"sourceY":551.6196516364079,"target":"o5hypi7","targetHandle":"o5hypi7-input-1","targetX":102.14794196422031,"targetY":512.5998262228859,"type":"custom","updatable":true},{"data":{},"id":"vueflow__edge-o5hypi7o5hypi7-output-1-8e55i5h8e55i5h-input-1","label":"","markerEnd":"arrowclosed","selectable":true,"source":"o5hypi7","sourceHandle":"o5hypi7-output-1","sourceX":342.1479419642203,"sourceY":512.5998262228859,"target":"8e55i5h","targetHandle":"8e55i5h-input-1","targetX":395.1478509875435,"targetY":528.7321804237096,"type":"custom","updatable":true},{"data":{},"id":"vueflow__edge-8e55i5h8e55i5h-output-1-c8ctnycc8ctnyc-input-1","label":"","markerEnd":"arrowclosed","selectable":true,"source":"8e55i5h","sourceHandle":"8e55i5h-output-1","sourceX":635.1479120226998,"sourceY":528.7321804237096,"target":"c8ctnyc","targetHandle":"c8ctnyc-input-1","targetX":-85.4575550183688,"targetY":693.941272607454,"type":"custom","updatable":true},{"data":{},"id":"vueflow__edge-c8ctnycc8ctnyc-output-1-aanow4jaanow4j-input-1","label":"","markerEnd":"arrowclosed","selectable":true,"source":"c8ctnyc","sourceHandle":"c8ctnyc-output-1","sourceX":154.54247549920933,"sourceY":693.941272607454,"target":"aanow4j","targetHandle":"aanow4j-input-1","targetX":-173.51755288303525,"targetY":923.5557985250606,"type":"custom","updatable":true},{"data":{},"id":"vueflow__edge-iy657bziy657bz-output-1-wdyhxmnwdyhxmn-input-1","label":"","markerEnd":"arrowclosed","selectable":true,"source":"iy657bz","sourceHandle":"iy657bz-output-1","sourceX":-1462.2422165967873,"sourceY":199.04789032764498,"target":"wdyhxmn","targetHandle":"wdyhxmn-input-1","targetX":-1622.8587196781127,"targetY":321.80118195239675,"type":"custom","updatable":true},{"data":{},"id":"vueflow__edge-axp7omgaxp7omg-output-1-i7wqc4xi7wqc4x-input-1","label":"","markerEnd":"arrowclosed","selectable":true,"source":"axp7omg","sourceHandle":"axp7omg-output-1","sourceX":189.8397771388568,"sourceY":-107.76417399624492,"target":"i7wqc4x","targetHandle":"i7wqc4x-input-1","targetX":-2095.535740365889,"targetY":260.4645768937528,"type":"custom","updatable":true},{"data":{},"id":"vueflow__edge-62r291b62r291b-output-2-793eaoi793eaoi-input-1","label":"","markerEnd":"arrowclosed","selectable":true,"source":"62r291b","sourceHandle":"62r291b-output-2","sourceX":-190.9919763146301,"sourceY":-379.0852425010087,"target":"793eaoi","targetHandle":"793eaoi-input-1","targetX":-127.90020133651058,"targetY":-288.52623262284817,"type":"custom","updatable":true},{"data":{},"id":"vueflow__edge-i7wqc4xi7wqc4x-output-1-1fbsphs1fbsphs-input-1","label":"","markerEnd":"arrowclosed","selectable":true,"source":"i7wqc4x","sourceHandle":"i7wqc4x-output-1","sourceX":-1855.535740365889,"sourceY":260.4645768937528,"target":"1fbsphs","targetHandle":"1fbsphs-input-1","targetX":-1699.1406698917046,"targetY":281.12904946456774,"type":"custom","updatable":true},{"data":{},"id":"vueflow__edge-1fbsphs1fbsphs-output-1-5ntya3c5ntya3c-input-1","label":"","markerEnd":"arrowclosed","selectable":true,"source":"1fbsphs","sourceHandle":"1fbsphs-output-1","sourceX":-1459.1406698917046,"sourceY":281.12904946456774,"target":"5ntya3c","targetHandle":"5ntya3c-input-1","targetX":-1356.5301042708936,"targetY":290.02807553457035,"type":"custom","updatable":true},{"data":{},"id":"vueflow__edge-5ntya3c5ntya3c-output-CyuiARdAjdCRLTzYIPw84-i7wqc4xi7wqc4x-input-1","label":"","markerEnd":"arrowclosed","selectable":true,"source":"5ntya3c","sourceHandle":"5ntya3c-output-CyuiARdAjdCRLTzYIPw84","sourceX":-1051.5301042708936,"sourceY":314.4551690404297,"target":"i7wqc4x","targetHandle":"i7wqc4x-input-1","targetX":-2095.535740365889,"targetY":260.4645768937528,"type":"custom","updatable":true},{"data":{},"id":"vueflow__edge-p291sh5p291sh5-output-1-b1js9q6b1js9q6-input-1","label":"","markerEnd":"arrowclosed","selectable":true,"source":"p291sh5","sourceHandle":"p291sh5-output-1","sourceX":-628.4852566163793,"sourceY":309.7420483176546,"target":"b1js9q6","targetHandle":"b1js9q6-input-1","targetX":-599.8355162633763,"targetY":304.62967620272514,"type":"custom","updatable":true},{"data":{},"id":"vueflow__edge-bllyew1bllyew1-output-1-ih79cmqih79cmq-input-1","label":"","markerEnd":"arrowclosed","selectable":true,"source":"bllyew1","sourceHandle":"bllyew1-output-1","sourceX":280.0106124232341,"sourceY":107.58662563573239,"target":"ih79cmq","targetHandle":"ih79cmq-input-1","targetX":410.45440342192046,"targetY":172.1327512842613,"type":"custom","updatable":true},{"data":{},"id":"vueflow__edge-ih79cmqih79cmq-output-CyuiARdAjdCRLTzYIPw84-b1js9q6b1js9q6-input-1","label":"","markerEnd":"arrowclosed","selectable":true,"source":"ih79cmq","sourceHandle":"ih79cmq-output-CyuiARdAjdCRLTzYIPw84","sourceX":715.4544034219205,"sourceY":196.55984479012068,"target":"b1js9q6","targetHandle":"b1js9q6-input-1","targetX":-599.8355162633763,"targetY":304.62967620272514,"type":"custom","updatable":true},{"data":{},"id":"vueflow__edge-aanow4jaanow4j-output-1-rrm5zxjrrm5zxj-input-1","label":"","markerEnd":"arrowclosed","selectable":true,"source":"aanow4j","sourceHandle":"aanow4j-output-1","sourceX":66.48246237575381,"sourceY":923.5557985250606,"target":"rrm5zxj","targetHandle":"rrm5zxj-input-1","targetX":-1297.93576257178,"targetY":701.4368658137598,"type":"custom","updatable":true},{"data":{},"id":"vueflow__edge-vhvejzavhvejza-output-fallback-wnei1btwnei1bt-input-1","label":"","markerEnd":"arrowclosed","selectable":true,"source":"vhvejza","sourceHandle":"vhvejza-output-fallback","sourceX":-475.7331278292701,"sourceY":-277.8552088384362,"target":"wnei1bt","targetHandle":"wnei1bt-input-1","targetX":-955.0650703302517,"targetY":255.06099425542624,"type":"custom","updatable":true},{"data":{},"id":"vueflow__edge-vhvejzavhvejza-output-1-62r291b62r291b-input-1","label":"","markerEnd":"arrowclosed","selectable":true,"source":"vhvejza","sourceHandle":"vhvejza-output-1","sourceX":-475.7331278292701,"sourceY":-299.8552088384362,"target":"62r291b","targetHandle":"62r291b-input-1","targetX":-494.99199157341917,"targetY":-421.51230548928993,"type":"custom","updatable":true},{"data":{},"id":"vueflow__edge-rrm5zxjrrm5zxj-output-1-793eaoi793eaoi-input-1","label":"","markerEnd":"arrowclosed","selectable":true,"source":"rrm5zxj","sourceHandle":"rrm5zxj-output-1","sourceX":-1057.93576257178,"sourceY":701.4368658137598,"target":"793eaoi","targetHandle":"793eaoi-input-1","targetX":-127.90020133651058,"targetY":-288.52623262284817,"type":"custom","updatable":true},{"data":{},"id":"vueflow__edge-793eaoi793eaoi-output-1-skb23z3skb23z3-input-1","label":"","markerEnd":"arrowclosed","selectable":true,"source":"793eaoi","sourceHandle":"793eaoi-output-1","sourceX":112.09982918106755,"sourceY":-288.52623262284817,"target":"skb23z3","targetHandle":"skb23z3-input-1","targetX":-2076.778982188588,"targetY":-20.833043546944964,"type":"custom","updatable":true},{"data":{},"id":"vueflow__edge-skb23z3skb23z3-output-1-axp7omgaxp7omg-input-1","label":"","markerEnd":"arrowclosed","selectable":true,"source":"skb23z3","sourceHandle":"skb23z3-output-1","sourceX":-1836.778982188588,"sourceY":-20.833043546944964,"target":"axp7omg","targetHandle":"axp7omg-input-1","targetX":-50.16022286114321,"targetY":-107.76417399624492,"type":"custom","updatable":true},{"data":{},"id":"vueflow__edge-8e55i5h8e55i5h-output-fallback-axp7omgaxp7omg-input-1","label":"","markerEnd":"arrowclosed","selectable":true,"source":"8e55i5h","sourceHandle":"8e55i5h-output-fallback","sourceX":635.1479120226998,"sourceY":550.7321804237096,"target":"axp7omg","targetHandle":"axp7omg-input-1","targetX":-50.16022286114321,"targetY":-107.76417399624492,"type":"custom","updatable":true},{"data":{},"id":"vueflow__edge-5ntya3c5ntya3c-output-fallback-8s5aklk8s5aklk-input-1","label":"","markerEnd":"arrowclosed","selectable":true,"source":"5ntya3c","sourceHandle":"5ntya3c-output-fallback","sourceX":-1052.5301042708936,"sourceY":356.4551690404297,"target":"8s5aklk","targetHandle":"8s5aklk-input-1","targetX":-915.7573263270781,"targetY":158.41497078888972,"type":"custom","updatable":true},{"data":{},"id":"vueflow__edge-8s5aklk8s5aklk-output-1-p291sh5p291sh5-input-1","label":"","markerEnd":"arrowclosed","selectable":true,"source":"8s5aklk","sourceHandle":"8s5aklk-output-1","sourceX":-675.7573263270781,"sourceY":158.41497078888972,"target":"p291sh5","targetHandle":"p291sh5-input-1","targetX":-868.4852718751683,"targetY":309.7420483176546,"type":"custom","updatable":true},{"data":{},"id":"vueflow__edge-ih79cmqih79cmq-output-fallback-8ylffnm8ylffnm-input-1","label":"","markerEnd":"arrowclosed","selectable":true,"source":"ih79cmq","sourceHandle":"ih79cmq-output-fallback","sourceX":714.4544034219205,"sourceY":238.55984479012068,"target":"8ylffnm","targetHandle":"8ylffnm-input-1","targetX":-516.9487332835981,"targetY":551.6196516364079,"type":"custom","updatable":true},{"data":{},"id":"vueflow__edge-wnei1btwnei1bt-output-1-l35moxhl35moxh-input-1","label":"","markerEnd":"arrowclosed","selectable":true,"source":"wnei1bt","sourceHandle":"wnei1bt-output-1","sourceX":-715.0650703302517,"sourceY":255.06099425542624,"target":"l35moxh","targetHandle":"l35moxh-input-1","targetX":-719.1050955770007,"targetY":148.8622119153974,"type":"custom","updatable":true},{"data":{},"id":"vueflow__edge-l35moxhl35moxh-output-1-vhvejzavhvejza-input-1","label":"","markerEnd":"arrowclosed","selectable":true,"source":"l35moxh","sourceHandle":"l35moxh-output-1","sourceX":-479.1050879476062,"sourceY":148.8622119153974,"target":"vhvejza","targetHandle":"vhvejza-input-1","targetX":-715.7331278292701,"targetY":-299.8552088384362,"type":"custom","updatable":true},{"data":{},"id":"vueflow__edge-vwzkirlvwzkirl-output-1-9m8zinm9m8zinm-input-1","label":"","markerEnd":"arrowclosed","selectable":true,"source":"vwzkirl","sourceHandle":"vwzkirl-output-1","sourceX":-1360.8461954342597,"sourceY":471.1405816496228,"target":"9m8zinm","targetHandle":"9m8zinm-input-1","targetX":-1278.9053109191682,"targetY":405.91064949520387,"type":"custom","updatable":true},{"data":{},"id":"vueflow__edge-9m8zinm9m8zinm-output-1-wnei1btwnei1bt-input-1","label":"","markerEnd":"arrowclosed","selectable":true,"source":"9m8zinm","sourceHandle":"9m8zinm-output-1","sourceX":-1038.9053109191682,"sourceY":405.91064949520387,"target":"wnei1bt","targetHandle":"wnei1bt-input-1","targetX":-955.0650703302517,"targetY":255.06099425542624,"type":"custom","updatable":true},{"data":{},"id":"vueflow__edge-ceuaov1ceuaov1-output-1-zs971xozs971xo-input-1","label":"","markerEnd":"arrowclosed","selectable":true,"source":"ceuaov1","sourceHandle":"ceuaov1-output-1","sourceX":-319.57820102731307,"sourceY":48.43077050497436,"target":"zs971xo","targetHandle":"zs971xo-input-1","targetX":-576.2799670452757,"targetY":-75.44060230288483,"type":"custom","updatable":true},{"data":{},"id":"vueflow__edge-zs971xozs971xo-output-1-61a68ip61a68ip-input-1","label":"","markerEnd":"arrowclosed","selectable":true,"source":"zs971xo","sourceHandle":"zs971xo-output-1","sourceX":-336.2799594158812,"sourceY":-75.44060230288483,"target":"61a68ip","targetHandle":"61a68ip-input-1","targetX":-302.0927668329607,"targetY":-136.68038306096537,"type":"custom","updatable":true},{"data":{},"id":"vueflow__edge-61a68ip61a68ip-output-1-sd9oq9hsd9oq9h-input-1","label":"","markerEnd":"arrowclosed","selectable":true,"source":"61a68ip","sourceHandle":"61a68ip-output-1","sourceX":-62.092766832960706,"sourceY":-136.68038306096537,"target":"sd9oq9h","targetHandle":"sd9oq9h-input-1","targetX":-247.81205207011658,"targetY":13.635443866652395,"type":"custom","updatable":true},{"data":{},"id":"vueflow__edge-sd9oq9hsd9oq9h-output-1-bllyew1bllyew1-input-1","label":"","markerEnd":"arrowclosed","selectable":true,"source":"sd9oq9h","sourceHandle":"sd9oq9h-output-1","sourceX":-7.812052070116579,"sourceY":13.635443866652395,"target":"bllyew1","targetHandle":"bllyew1-input-1","targetX":40.01061242323408,"targetY":107.58662563573239,"type":"custom","updatable":true},{"data":{},"id":"vueflow__edge-b1js9q6b1js9q6-output-1-ceuaov1ceuaov1-input-1","label":"","markerEnd":"arrowclosed","selectable":true,"source":"b1js9q6","sourceHandle":"b1js9q6-output-1","sourceX":-359.83550481928455,"sourceY":304.62967620272514,"target":"ceuaov1","targetHandle":"ceuaov1-input-1","targetX":-559.5782162861021,"targetY":48.43077050497436,"type":"custom","updatable":true}],"nodes":[{"data":{"description":"高级","disableBlock":false,"findBy":"cssSelector","markEl":false,"multiple":false,"onError":{"dataToInsert":[],"enable":true,"insertData":false,"retry":true,"retryInterval":0.1,"retryTimes":30,"toDo":"error"},"selector":".RuoYi_iframe:nth-child(3) |> button#perAdvanceSearchConditionBtn","settings":{"blockTimeout":0,"debugMode":false},"waitForSelector":false,"waitSelectorTimeout":5000},"id":"wdyhxmn","initialized":false,"label":"event-click","position":{"x":-1598.8587196781127,"y":285.80118195239675},"type":"BlockBasic"},{"data":{"description":"保存","disableBlock":false,"findBy":"cssSelector","markEl":false,"multiple":false,"onError":{"dataToInsert":[],"enable":true,"insertData":false,"retry":true,"retryInterval":1,"retryTimes":3,"toDo":"error"},"selector":"iframe:nth-child(3) |> #save > button","settings":{"blockTimeout":0,"debugMode":false},"waitForSelector":false,"waitSelectorTimeout":5000},"id":"8ylffnm","initialized":false,"label":"event-click","position":{"x":-492.94873328359813,"y":515.6196516364079},"type":"BlockBasic"},{"data":{"description":"查询","disableBlock":false,"findBy":"cssSelector","markEl":false,"multiple":false,"onError":{"dataToInsert":[],"enable":false,"insertData":false,"retry":false,"retryInterval":2,"retryTimes":1,"toDo":"error"},"selector":".RuoYi_iframe:nth-child(3) |> button#searchButton","settings":{"blockTimeout":0,"debugMode":false},"waitForSelector":false,"waitSelectorTimeout":5000},"id":"wnei1bt","initialized":false,"label":"event-click","position":{"x":-931.0650703302517,"y":219.06099425542624},"type":"BlockBasic"},{"data":{"assignVariable":false,"clearValue":true,"dataColumn":"","delay":0,"description":"否 结案","disableBlock":false,"events":[],"findBy":"cssSelector","getValue":false,"markEl":false,"multiple":false,"onError":{"dataToInsert":[],"enable":true,"insertData":false,"retry":true,"retryInterval":0.1,"retryTimes":20,"toDo":"error"},"optionPosition":"2","saveData":false,"selectOptionBy":"custom-position","selected":true,"selector":".RuoYi_iframe:nth-child(3) |> .advanceSearchSection > .colinput:nth-child(4) > .x-layui-input","settings":{"blockTimeout":0,"debugMode":false},"type":"select","value":"否","variableName":"","waitForSelector":false,"waitSelectorTimeout":5000},"id":"vwzkirl","initialized":false,"label":"forms","position":{"x":-1576.8461954342597,"y":435.1405816496228},"type":"BlockBasic"},{"data":{"description":"确定","disableBlock":false,"findBy":"cssSelector","markEl":false,"multiple":false,"onError":{"dataToInsert":[],"enable":true,"insertData":false,"retry":false,"retryInterval":1,"retryTimes":4,"toDo":"fallback"},"selector":".RuoYi_iframe:nth-child(3) |> a.layui-layer-btn0","settings":{"blockTimeout":0,"debugMode":false},"waitForSelector":false,"waitSelectorTimeout":5000},"id":"8e55i5h","initialized":false,"label":"event-click","position":{"x":419.1478509875435,"y":480.73214990613144},"type":"BlockBasic"},{"data":{"description":"中医药健康管理","disableBlock":false,"findBy":"cssSelector","markEl":false,"multiple":false,"onError":{"dataToInsert":[],"enable":true,"insertData":false,"retry":true,"retryInterval":0.1,"retryTimes":20,"toDo":"error"},"selector":".in > li:nth-child(5) > .menu-content","settings":{"blockTimeout":0,"debugMode":false},"waitForSelector":false,"waitSelectorTimeout":5000},"id":"wmefi04","initialized":false,"label":"event-click","position":{"x":-1188.2516467674957,"y":-475.78752646057114},"type":"BlockBasic"},{"data":{"description":"老年人中医体质辨识","disableBlock":false,"findBy":"cssSelector","markEl":false,"multiple":false,"onError":{"dataToInsert":[],"enable":true,"insertData":false,"retry":true,"retryInterval":0.1,"retryTimes":20,"toDo":"error"},"selector":"div:nth-child(3) > ul > li:nth-child(5) li:nth-child(1) > a","settings":{"blockTimeout":0,"debugMode":false},"waitForSelector":false,"waitSelectorTimeout":5000},"id":"iy657bz","initialized":false,"label":"event-click","position":{"x":-1678.2422165967873,"y":163.04789032764498},"type":"BlockBasic"},{"data":{"disableBlock":false,"time":"600"},"id":"o5hypi7","initialized":false,"label":"delay","position":{"x":126.14794196422031,"y":454.18316972874527},"type":"BlockDelay"},{"data":{"description":"返回","disableBlock":false,"findBy":"cssSelector","markEl":false,"multiple":false,"onError":{"dataToInsert":[],"enable":true,"insertData":false,"retry":true,"retryInterval":1,"retryTimes":4,"toDo":"error"},"selector":".RuoYi_iframe:nth-child(3) |> #ech-phyexam-res-back-btn > .btn-gray","settings":{"blockTimeout":0,"debugMode":false},"waitForSelector":false,"waitSelectorTimeout":5000},"id":"aanow4j","initialized":false,"label":"event-click","position":{"x":-149.5175376242462,"y":887.5557985250606},"type":"BlockBasic"},{"data":{"disableBlock":false,"time":"600"},"id":"c8ctnyc","initialized":false,"label":"delay","position":{"x":-61.457555018368794,"y":635.524524560579},"type":"BlockDelay"},{"data":{"description":"新增","disableBlock":false,"findBy":"cssSelector","markEl":false,"multiple":false,"onError":{"dataToInsert":[],"enable":true,"insertData":false,"retry":true,"retryInterval":0.1,"retryTimes":10,"toDo":"fallback"},"selector":"iframe:nth-child(3) |> tr:nth-child(1) a:nth-child(2)","settings":{"blockTimeout":0,"debugMode":false},"waitForSelector":false,"waitSelectorTimeout":5000},"id":"793eaoi","initialized":false,"label":"event-click","position":{"x":-103.90020133651058,"y":-336.52623262284817},"type":"BlockBasic"},{"data":{"code":"automaSetVariable('xun1', 1)//  1--- 33\n\nautomaSetVariable('xun2', Math.floor(Math.random()*3) + 2)","context":"website","description":"","disableBlock":false,"everyNewTab":false,"preloadScripts":[],"runBeforeLoad":false,"timeout":20000},"id":"axp7omg","initialized":false,"label":"javascript-code","position":{"x":-26.16022286114321,"y":-143.76417399624492},"type":"BlockBasic"},{"data":{"description":"中医保健指导","disableBlock":false,"findBy":"cssSelector","markEl":false,"multiple":false,"onError":{"dataToInsert":[],"enable":true,"insertData":false,"retry":true,"retryInterval":0.1,"retryTimes":30,"toDo":"fallback"},"selector":"iframe:nth-child(3) |> tr:nth-child({{variables.xun1}}) > th:nth-child({{variables.xun2}}) > div","settings":{"blockTimeout":0,"debugMode":false},"waitForSelector":false,"waitSelectorTimeout":5000},"id":"i7wqc4x","initialized":false,"label":"event-click","position":{"x":-2071.535740365889,"y":212.4645768937528},"type":"BlockBasic"},{"data":{"disableBlock":false,"time":"1500"},"id":"skb23z3","initialized":false,"label":"delay","position":{"x":-2052.778982188588,"y":-79.24970957782875},"type":"BlockDelay"},{"data":{"disableBlock":false,"repeatFor":"1000"},"id":"62r291b","initialized":false,"label":"repeat-task","position":{"x":-470.9919877587219,"y":-491.9289925010087},"type":"BlockRepeatTask"},{"data":{"code":"//  1--- 33\nautomaSetVariable('xun1', automaRefData('variables', 'xun1') + 1);\nautomaSetVariable('xun2', Math.floor(Math.random()*3) + 2)","context":"website","description":"","disableBlock":false,"everyNewTab":false,"preloadScripts":[],"runBeforeLoad":false,"timeout":20000},"id":"1fbsphs","initialized":false,"label":"javascript-code","position":{"x":-1675.1406698917046,"y":245.12904946456774},"type":"BlockBasic"},{"data":{"conditions":[{"conditions":[{"conditions":[{"id":"GpAoNTJZ5S38Sca8I-wzY","items":[{"category":"value","data":{"value":"{{variables.xun1}}"},"id":"wv2p4poyhoCVXCEcex5PX","type":"value"},{"category":"compare","id":"3rMDkSqiusm8sLihwL50R","type":"lte"},{"category":"value","data":{"value":"33"},"id":"_n06C2iL2OpPurpNS1gId","type":"value"}]}],"id":"30kltfooHUZMI7jxwv73J"}],"id":"CyuiARdAjdCRLTzYIPw84","name":"Path 1"}],"description":"小于等于33","disableBlock":false,"retryConditions":false,"retryCount":10,"retryTimeout":1000},"id":"5ntya3c","initialized":false,"label":"conditions","position":{"x":-1332.5301042708936,"y":197.61141904042972},"type":"BlockConditions"},{"data":{"code":"automaSetVariable('xun3', 2)//  1--- 33\n\nautomaSetVariable('xun2', Math.floor(Math.random()*3) + 2)","context":"website","description":"","disableBlock":false,"everyNewTab":false,"preloadScripts":[],"runBeforeLoad":false,"timeout":20000},"id":"p291sh5","initialized":false,"label":"javascript-code","position":{"x":-844.4852718751683,"y":273.7420483176546},"type":"BlockBasic"},{"data":{"code":"automaSetVariable('xun3', automaRefData('variables', 'xun3') + 1); // 2 --10","context":"website","description":"","disableBlock":false,"everyNewTab":false,"preloadScripts":[],"runBeforeLoad":false,"timeout":20000},"id":"bllyew1","initialized":false,"label":"javascript-code","position":{"x":64.01061242323408,"y":71.58663326512692},"type":"BlockBasic"},{"data":{"description":"中医保健指导","disableBlock":false,"findBy":"cssSelector","markEl":false,"multiple":false,"onError":{"dataToInsert":[],"enable":true,"insertData":false,"retry":false,"retryInterval":0.1,"retryTimes":30,"toDo":"continue"},"selector":"iframe:nth-child(3) |> th:nth-child({{variables.xun3}}) label:nth-child(1) > input","settings":{"blockTimeout":0,"debugMode":false},"waitForSelector":false,"waitSelectorTimeout":5000},"id":"b1js9q6","initialized":false,"label":"event-click","position":{"x":-575.8355162633763,"y":268.62967620272514},"type":"BlockBasic"},{"data":{"conditions":[{"conditions":[{"conditions":[{"id":"GpAoNTJZ5S38Sca8I-wzY","items":[{"category":"value","data":{"value":"{{variables.xun3}}"},"id":"wv2p4poyhoCVXCEcex5PX","type":"value"},{"category":"compare","id":"3rMDkSqiusm8sLihwL50R","type":"lte"},{"category":"value","data":{"value":"10"},"id":"_n06C2iL2OpPurpNS1gId","type":"value"}]}],"id":"30kltfooHUZMI7jxwv73J"}],"id":"CyuiARdAjdCRLTzYIPw84","name":"Path 1"}],"description":"小于等于10","disableBlock":false,"retryConditions":false,"retryCount":10,"retryTimeout":1000},"id":"ih79cmq","initialized":false,"label":"conditions","position":{"x":434.45440342192046,"y":79.71607953133162},"type":"BlockConditions"},{"data":{"assignVariable":false,"clearValue":true,"dataColumn":"","delay":0,"description":"","disableBlock":false,"events":[],"findBy":"cssSelector","getValue":true,"markEl":false,"multiple":false,"onError":{"dataToInsert":[],"enable":true,"insertData":false,"retry":true,"retryInterval":0.2,"retryTimes":50,"toDo":"fallback"},"optionPosition":"1","saveData":false,"selectOptionBy":"value","selected":true,"selector":"iframe:nth-child(3) |> tr:nth-child(1) a:nth-child(2)","settings":{"blockTimeout":0,"debugMode":false},"type":"text-field","value":"iframe:nth-child(3) |> tr:nth-child(1) a:nth-child(2)","variableName":"","waitForSelector":false,"waitSelectorTimeout":5000},"id":"rrm5zxj","initialized":false,"label":"forms","position":{"x":-1273.93576257178,"y":653.4368047786036},"type":"BlockBasic"},{"data":{"assignVariable":false,"clearValue":true,"dataColumn":"","delay":0,"description":"","disableBlock":false,"events":[],"findBy":"cssSelector","getValue":true,"markEl":false,"multiple":false,"onError":{"dataToInsert":[],"enable":true,"insertData":false,"retry":true,"retryInterval":0.1,"retryTimes":90,"toDo":"fallback"},"optionPosition":"1","saveData":false,"selectOptionBy":"value","selected":true,"selector":"iframe:nth-child(3) |> tr:nth-child(1) a:nth-child(2)","settings":{"blockTimeout":0,"debugMode":false},"type":"text-field","value":"iframe:nth-child(3) |> tr:nth-child(1) a:nth-child(2)","variableName":"","waitForSelector":false,"waitSelectorTimeout":5000},"id":"vhvejza","initialized":false,"label":"forms","position":{"x":-691.7331278292701,"y":-347.8552088384362},"type":"BlockBasic"},{"data":{"disableBlock":false,"time":"500"},"id":"8s5aklk","initialized":false,"label":"delay","position":{"x":-891.7573263270781,"y":99.99829903596003},"type":"BlockDelay"},{"data":{"disableBlock":false,"time":"3000"},"id":"l35moxh","initialized":false,"label":"delay","position":{"x":-695.1050955770007,"y":90.44554779186225},"type":"BlockDelay"},{"data":{"disableBlock":false,"time":"8000"},"id":"9m8zinm","initialized":false,"label":"delay","position":{"x":-1254.9053109191682,"y":347.49399300106325},"type":"BlockDelay"},{"data":{"description":"中医保健指导","disableBlock":false,"findBy":"cssSelector","markEl":false,"multiple":false,"onError":{"dataToInsert":[],"enable":true,"insertData":false,"retry":false,"retryInterval":0.1,"retryTimes":30,"toDo":"continue"},"selector":"iframe:nth-child(3) |> th:nth-child({{variables.xun3}}) label:nth-child(3) > input","settings":{"blockTimeout":0,"debugMode":false},"waitForSelector":false,"waitSelectorTimeout":5000},"id":"ceuaov1","initialized":false,"label":"event-click","position":{"x":-535.5782086567076,"y":12.430772412322995},"type":"BlockBasic"},{"data":{"description":"中医保健指导","disableBlock":false,"findBy":"cssSelector","markEl":false,"multiple":false,"onError":{"dataToInsert":[],"enable":true,"insertData":false,"retry":false,"retryInterval":0.1,"retryTimes":30,"toDo":"continue"},"selector":"iframe:nth-child(3) |> th:nth-child({{variables.xun3}}) label:nth-child(5) > input","settings":{"blockTimeout":0,"debugMode":false},"waitForSelector":false,"waitSelectorTimeout":5000},"id":"zs971xo","initialized":false,"label":"event-click","position":{"x":-552.2799670452757,"y":-111.44060230288483},"type":"BlockBasic"},{"data":{"description":"中医保健指导","disableBlock":false,"findBy":"cssSelector","markEl":false,"multiple":false,"onError":{"dataToInsert":[],"enable":true,"insertData":false,"retry":false,"retryInterval":0.1,"retryTimes":30,"toDo":"continue"},"selector":"iframe:nth-child(3) |> th:nth-child({{variables.xun3}}) label:nth-child(7) > input","settings":{"blockTimeout":0,"debugMode":false},"waitForSelector":false,"waitSelectorTimeout":5000},"id":"61a68ip","initialized":false,"label":"event-click","position":{"x":-278.0927668329607,"y":-172.68038306096537},"type":"BlockBasic"},{"data":{"description":"中医保健指导","disableBlock":false,"findBy":"cssSelector","markEl":false,"multiple":false,"onError":{"dataToInsert":[],"enable":true,"insertData":false,"retry":false,"retryInterval":0.1,"retryTimes":30,"toDo":"continue"},"selector":"iframe:nth-child(3) |> th:nth-child({{variables.xun3}}) label:nth-child(9) > input","settings":{"blockTimeout":0,"debugMode":false},"waitForSelector":false,"waitSelectorTimeout":5000},"id":"sd9oq9h","initialized":false,"label":"event-click","position":{"x":-223.81205207011658,"y":-22.36455756385908},"type":"BlockBasic"}],"position":[1630.6184679506775,827.230131920362],"viewport":{"x":1630.6184679506775,"y":827.230131920362,"zoom":0.7578582832551991},"zoom":0.7578582832551991},"description":"","icon":"mdiPackageVariantClosed","id":"tT26N_JVknvT64gWtrhfN","inputs":[{"blockId":"wmefi04","handleId":"wmefi04-input-1","id":"aqb9wzg","name":""}],"isExternal":true,"name":"unnamed","outputs":[],"settings":{"asBlock":true}},"label":"block-package"}],"edges":[{"id":"vueflow__edge-waa3SSDMpEa4sx9QRF93hwaa3SSDMpEa4sx9QRF93h-output-1-pdrcxdrpdrcxdr-input-1","type":"custom","source":"waa3SSDMpEa4sx9QRF93h","target":"pdrcxdr","sourceHandle":"waa3SSDMpEa4sx9QRF93h-output-1","targetHandle":"pdrcxdr-input-1","updatable":true,"selectable":true,"data":{},"label":"","markerEnd":"arrowclosed","sourceX":-1810.4895518286307,"sourceY":-795.1986302717836,"targetX":-1703.1282825958272,"targetY":-759.5701539688147},{"id":"vueflow__edge-pdrcxdrpdrcxdr-output-1-wvape2mwvape2m-input-1","type":"custom","source":"pdrcxdr","target":"wvape2m","sourceHandle":"pdrcxdr-output-1","targetHandle":"wvape2m-input-1","updatable":true,"selectable":true,"data":{},"label":"","markerEnd":"arrowclosed","sourceX":-1463.1283118418394,"sourceY":-759.5701539688147,"targetX":-1680.0737987413693,"targetY":-540.7408497947118},{"id":"vueflow__edge-wvape2mwvape2m-output-1-tpvsxzatpvsxza-input-aqb9wzg","type":"custom","source":"wvape2m","target":"tpvsxza","sourceHandle":"wvape2m-output-1","targetHandle":"tpvsxza-input-aqb9wzg","updatable":true,"selectable":true,"data":{},"label":"","markerEnd":"arrowclosed","sourceX":-1440.0738089138954,"sourceY":-540.7408497947118,"targetX":-1146.7239541509402,"targetY":-695.770728202795}],"position":[902.8492183330761,527.2574166534843],"zoom":0.34460950649911065,"viewport":{"x":902.8492183330761,"y":527.2574166534843,"zoom":0.34460950649911065}},"settings":{"publicId":"","blockDelay":0,"saveLog":true,"debugMode":false,"restartTimes":3,"notification":true,"execContext":"popup","reuseLastState":false,"inputAutocomplete":true,"onError":"stop-workflow","executedBlockOnWeb":false,"insertDefaultColumn":false,"defaultColumnName":"column"},"globalData":"{\n\t\"key\": \"value\"\n}","description":"","includedWorkflows":{}}