{"extVersion":"1.29.9","name":"档案使用率","icon":"riGlobalLine","table":[],"version":"1.29.9","drawflow":{"nodes":[{"id":"YIqg8ShtqBDfFT4jsj5D1","type":"BlockBasic","initialized":false,"position":{"x":-1374.4574888475618,"y":-849.7350814959561},"data":{"url":"","date":"","days":[],"time":"00:00","type":"manual","delay":5,"interval":60,"shortcut":"","isUrlRegex":false,"parameters":[],"description":"","contextTypes":[],"disableBlock":false,"activeInInput":false,"observeElement":{"selector":"","baseSelector":"","matchPattern":"","baseElOptions":{"subtree":false,"childList":true,"attributes":false,"characterData":false,"attributeFilter":[]},"targetOptions":{"subtree":false,"childList":true,"attributes":false,"characterData":false,"attributeFilter":[]}},"contextMenuName":"","preferParamsInTab":false},"label":"trigger"},{"id":"a88e1q5","type":"BlockBasic","initialized":false,"position":{"x":-1020.8804671898131,"y":-851.8476340960729},"data":{"url":"http://172.30.0.253/phis/index","active":true,"inGroup":false,"tabZoom":1,"userAgent":"","description":"","disableBlock":false,"updatePrevTab":false,"waitTabLoaded":false,"customUserAgent":false},"label":"new-tab"},{"id":"ysp49bt","type":"BlockBasic","initialized":false,"position":{"x":-945.5124845602113,"y":-1207.027738042243},"data":{"disableBlock":false},"label":"active-tab"},{"id":"2lx76gm","type":"BlockPackage","initialized":false,"position":{"x":-362.0218429160558,"y":-933.9504523578956},"data":{"author":"supra_lucky","content":null,"createdAt":1744113454091,"data":{"edges":[{"data":{},"id":"vueflow__edge-ew0gz4xew0gz4x-output-1-r2uu6ffr2uu6ff-input-1","label":"","markerEnd":"arrowclosed","selectable":true,"source":"ew0gz4x","sourceHandle":"ew0gz4x-output-1","sourceX":2447.2397749748734,"sourceY":352.2654581570552,"target":"r2uu6ff","targetHandle":"r2uu6ff-input-1","targetX":1663.798844873265,"targetY":-47.254101720520396,"type":"custom","updatable":true},{"data":{},"id":"vueflow__edge-r2uu6ffr2uu6ff-output-1-yoy6wh7yoy6wh7-input-1","label":"","markerEnd":"arrowclosed","selectable":true,"source":"r2uu6ff","sourceHandle":"r2uu6ff-output-1","sourceX":1903.798844873265,"sourceY":-47.254101720520396,"target":"yoy6wh7","targetHandle":"yoy6wh7-input-1","targetX":1988.2284678126812,"targetY":-52.246968120838005,"type":"custom","updatable":true},{"data":{},"id":"vueflow__edge-ak3axc2ak3axc2-output-1-f064wsnf064wsn-input-1","label":"","markerEnd":"arrowclosed","selectable":true,"source":"ak3axc2","sourceHandle":"ak3axc2-output-1","sourceX":2372.47793555186,"sourceY":241.2844186461986,"target":"f064wsn","targetHandle":"f064wsn-input-1","targetX":487.8606032166265,"targetY":-450.8398208632061,"type":"custom","updatable":true},{"data":{},"id":"vueflow__edge-a3j2weha3j2weh-output-1-nrnido1nrnido1-input-1","label":"","markerEnd":"arrowclosed","selectable":true,"source":"a3j2weh","sourceHandle":"a3j2weh-output-1","sourceX":1676.0412587585297,"sourceY":-559.6841767729094,"target":"nrnido1","targetHandle":"nrnido1-input-1","targetX":2126.9836083942964,"targetY":262.0876348069893,"type":"custom","updatable":true},{"data":{},"id":"vueflow__edge-nrnido1nrnido1-output-1-ak3axc2ak3axc2-input-1","label":"","markerEnd":"arrowclosed","selectable":true,"source":"nrnido1","sourceHandle":"nrnido1-output-1","sourceX":2366.9838525349214,"sourceY":262.0876348069893,"target":"ak3axc2","targetHandle":"ak3axc2-input-1","targetX":2132.477691411235,"targetY":241.2844186461986,"type":"custom","updatable":true},{"data":{},"id":"vueflow__edge-g7dsd85g7dsd85-output-1-kjj1677kjj1677-input-1","label":"","markerEnd":"arrowclosed","selectable":true,"source":"g7dsd85","sourceHandle":"g7dsd85-output-1","sourceX":2098.8639628950596,"sourceY":-226.8899255089225,"target":"kjj1677","targetHandle":"kjj1677-input-1","targetX":2151.2531272292717,"targetY":-212.24868833073867,"type":"custom","updatable":true},{"data":{},"id":"vueflow__edge-9aj2n9f9aj2n9f-output-1-l5u7i0ul5u7i0u-input-1","label":"","markerEnd":"arrowclosed","selectable":true,"source":"9aj2n9f","sourceHandle":"9aj2n9f-output-1","sourceX":2158.431095162704,"sourceY":216.1416891751111,"target":"l5u7i0u","targetHandle":"l5u7i0u-input-1","targetX":1940.381812837501,"targetY":334.1711283519704,"type":"custom","updatable":true},{"data":{},"id":"vueflow__edge-l1fl7jml1fl7jm-output-1-8v692xk8v692xk-input-1","label":"","markerEnd":"arrowclosed","selectable":true,"source":"l1fl7jm","sourceHandle":"l1fl7jm-output-1","sourceX":2434.948939494282,"sourceY":-748.2943141438111,"target":"8v692xk","targetHandle":"8v692xk-input-1","targetX":1447.5791248954165,"targetY":-457.9721224009981,"type":"custom","updatable":true},{"data":{},"id":"vueflow__edge-yoy6wh7yoy6wh7-output-1-0ge6i6p0ge6i6p-input-1","label":"","markerEnd":"arrowclosed","selectable":true,"source":"yoy6wh7","sourceHandle":"yoy6wh7-output-1","sourceX":2228.228467812681,"sourceY":-52.246968120838005,"target":"0ge6i6p","targetHandle":"0ge6i6p-input-1","targetX":2330.009224056479,"targetY":-54.962364865705354,"type":"custom","updatable":true},{"data":{},"id":"vueflow__edge-mey0oqjmey0oqj-output-1-ew0gz4xew0gz4x-input-1","label":"","markerEnd":"arrowclosed","selectable":true,"source":"mey0oqj","sourceHandle":"mey0oqj-output-1","sourceX":2098.882651459854,"sourceY":310.0952432997045,"target":"ew0gz4x","targetHandle":"ew0gz4x-input-1","targetX":2207.2397749748734,"targetY":352.2654581570552,"type":"custom","updatable":true},{"data":{},"id":"vueflow__edge-0ge6i6p0ge6i6p-output-1-iflmrjxiflmrjx-input-1","label":"","markerEnd":"arrowclosed","selectable":true,"source":"0ge6i6p","sourceHandle":"0ge6i6p-output-1","sourceX":2570.009224056479,"sourceY":-54.962364865705354,"target":"iflmrjx","targetHandle":"iflmrjx-input-1","targetX":2309.0587598240277,"targetY":159.8006002881616,"type":"custom","updatable":true},{"data":{},"id":"vueflow__edge-iflmrjxiflmrjx-output-1-xqy1xc3xqy1xc3-input-1","label":"","markerEnd":"arrowclosed","selectable":true,"source":"iflmrjx","sourceHandle":"iflmrjx-output-1","sourceX":2549.0587598240277,"sourceY":159.8006002881616,"target":"xqy1xc3","targetHandle":"xqy1xc3-input-1","targetX":2621.565615373296,"targetY":69.07195241917111,"type":"custom","updatable":true},{"data":{},"id":"vueflow__edge-xqk99raxqk99ra-output-1-pnb8sr2pnb8sr2-input-1","label":"","markerEnd":"arrowclosed","selectable":true,"source":"xqk99ra","sourceHandle":"xqk99ra-output-1","sourceX":2854.110807406365,"sourceY":417.8368430128736,"target":"pnb8sr2","targetHandle":"pnb8sr2-input-1","targetX":1639.4487992564782,"targetY":-229.61978098126906,"type":"custom","updatable":true},{"data":{},"id":"vueflow__edge-pnb8sr2pnb8sr2-output-1-z40mu0bz40mu0b-input-1","label":"","markerEnd":"arrowclosed","selectable":true,"source":"pnb8sr2","sourceHandle":"pnb8sr2-output-1","sourceX":1879.4487992564782,"sourceY":-229.61978098126906,"target":"z40mu0b","targetHandle":"z40mu0b-input-1","targetX":1914.0755571670406,"targetY":489.6836500053023,"type":"custom","updatable":true},{"data":{},"id":"vueflow__edge-tdctu4ytdctu4y-output-1-75al11v75al11v-input-1","label":"","markerEnd":"arrowclosed","selectable":true,"source":"tdctu4y","sourceHandle":"tdctu4y-output-1","sourceX":2647.682790409286,"sourceY":-857.5973894171577,"target":"75al11v","targetHandle":"75al11v-input-1","targetX":1813.2071223249247,"targetY":-325.61460746243836,"type":"custom","updatable":true},{"data":{},"id":"vueflow__edge-gzt5i6tgzt5i6t-output-fallback-a3j2weha3j2weh-input-1","label":"","markerEnd":"arrowclosed","selectable":true,"source":"gzt5i6t","sourceHandle":"gzt5i6t-output-fallback","sourceX":1683.8462919694562,"sourceY":120.75886330121276,"target":"a3j2weh","targetHandle":"a3j2weh-input-1","targetX":1436.0412587585297,"targetY":-559.6841767729094,"type":"custom","updatable":true},{"data":{},"id":"vueflow__edge-njvzk0enjvzk0e-output-3Ek4yJfonswwXWX0Labi--ak3axc2ak3axc2-input-1","label":"","markerEnd":"arrowclosed","selectable":true,"source":"njvzk0e","sourceHandle":"njvzk0e-output-3Ek4yJfonswwXWX0Labi-","sourceX":1351.2080788167282,"sourceY":-320.70040480732234,"target":"ak3axc2","targetHandle":"ak3axc2-input-1","targetX":2132.477691411235,"targetY":241.2844186461986,"type":"custom","updatable":true},{"data":{},"id":"vueflow__edge-njvzk0enjvzk0e-output-fallback-f064wsnf064wsn-input-1","label":"","markerEnd":"arrowclosed","selectable":true,"source":"njvzk0e","sourceHandle":"njvzk0e-output-fallback","sourceX":1350.2080788167282,"sourceY":-278.70040480732234,"target":"f064wsn","targetHandle":"f064wsn-input-1","targetX":487.8606032166265,"targetY":-450.8398208632061,"type":"custom","updatable":true},{"data":{},"id":"vueflow__edge-3x3qmc23x3qmc2-output-1-gzt5i6tgzt5i6t-input-1","label":"","markerEnd":"arrowclosed","selectable":true,"source":"3x3qmc2","sourceHandle":"3x3qmc2-output-1","sourceX":1165.4611174904103,"sourceY":-249.1376047090447,"target":"gzt5i6t","targetHandle":"gzt5i6t-input-1","targetX":1443.8462919694562,"targetY":98.75886330121276,"type":"custom","updatable":true},{"data":{},"id":"vueflow__edge-gzt5i6tgzt5i6t-output-1-njvzk0enjvzk0e-input-1","label":"","markerEnd":"arrowclosed","selectable":true,"source":"gzt5i6t","sourceHandle":"gzt5i6t-output-1","sourceX":1683.8462919694562,"sourceY":98.75886330121276,"target":"njvzk0e","targetHandle":"njvzk0e-input-1","targetX":1046.2080788167282,"targetY":-331.1274983131817,"type":"custom","updatable":true},{"data":{},"id":"vueflow__edge-bknhifxbknhifx-output-1-0ripad90ripad9-input-1","label":"","markerEnd":"arrowclosed","selectable":true,"source":"bknhifx","sourceHandle":"bknhifx-output-1","sourceX":2071.827581752689,"sourceY":-478.9774455322545,"target":"0ripad9","targetHandle":"0ripad9-input-1","targetX":2186.025720956103,"targetY":-464.3001770599386,"type":"custom","updatable":true},{"data":{},"id":"vueflow__edge-0ripad90ripad9-output-1-2ryad7s2ryad7s-input-1","label":"","markerEnd":"arrowclosed","selectable":true,"source":"0ripad9","sourceHandle":"0ripad9-output-1","sourceX":2426.025720956103,"sourceY":-464.3001770599386,"target":"2ryad7s","targetHandle":"2ryad7s-input-1","targetX":2471.760692058653,"targetY":-467.5925731123816,"type":"custom","updatable":true},{"data":{},"id":"vueflow__edge-kk1qd5gkk1qd5g-output-1-en6itgaen6itga-input-1","label":"","markerEnd":"arrowclosed","selectable":true,"source":"kk1qd5g","sourceHandle":"kk1qd5g-output-1","sourceX":2719.2007236748077,"sourceY":48.88415475346615,"target":"en6itga","targetHandle":"en6itga-input-1","targetX":1436.069550004537,"targetY":-238.57492402127275,"type":"custom","updatable":true},{"data":{},"id":"vueflow__edge-en6itgaen6itga-output-1-phufzhhphufzhh-input-1","label":"","markerEnd":"arrowclosed","selectable":true,"source":"en6itga","sourceHandle":"en6itga-output-1","sourceX":1676.069550004537,"sourceY":-238.57492402127275,"target":"phufzhh","targetHandle":"phufzhh-input-1","targetX":1622.4362390104634,"targetY":-210.84166656351226,"type":"custom","updatable":true},{"data":{},"id":"vueflow__edge-phufzhhphufzhh-output-1-voxuh73voxuh73-input-1","label":"","markerEnd":"arrowclosed","selectable":true,"source":"phufzhh","sourceHandle":"phufzhh-output-1","sourceX":1862.436361080776,"sourceY":-210.84166656351226,"target":"voxuh73","targetHandle":"voxuh73-input-1","targetX":2012.2689542294197,"targetY":-364.45831003194337,"type":"custom","updatable":true},{"data":{},"id":"vueflow__edge-y4wpaxwy4wpaxw-output-1-ol71e77ol71e77-input-1","label":"","markerEnd":"arrowclosed","selectable":true,"source":"y4wpaxw","sourceHandle":"y4wpaxw-output-1","sourceX":2149.8285383034545,"sourceY":177.75497277360196,"target":"ol71e77","targetHandle":"ol71e77-input-1","targetX":2237.058888970695,"targetY":167.05727909362272,"type":"custom","updatable":true},{"data":{},"id":"vueflow__edge-ol71e77ol71e77-output-1-n27vpbkn27vpbk-input-1","label":"","markerEnd":"arrowclosed","selectable":true,"source":"ol71e77","sourceHandle":"ol71e77-output-1","sourceX":2477.058888970695,"sourceY":167.05727909362272,"target":"n27vpbk","targetHandle":"n27vpbk-input-1","targetX":2491.969885477971,"targetY":203.02632676352246,"type":"custom","updatable":true},{"data":{},"id":"vueflow__edge-n27vpbkn27vpbk-output-1-g7dsd85g7dsd85-input-1","label":"","markerEnd":"arrowclosed","selectable":true,"source":"n27vpbk","sourceHandle":"n27vpbk-output-1","sourceX":2731.969885477971,"sourceY":203.02632676352246,"target":"g7dsd85","targetHandle":"g7dsd85-input-1","targetX":1858.8639628950596,"targetY":-226.8899255089225,"type":"custom","updatable":true},{"data":{},"id":"vueflow__edge-r7w78mxr7w78mx-output-1-l1fl7jml1fl7jm-input-1","label":"","markerEnd":"arrowclosed","selectable":true,"source":"r7w78mx","sourceHandle":"r7w78mx-output-1","sourceX":2759.283841967032,"sourceY":-433.95452332892614,"target":"l1fl7jm","targetHandle":"l1fl7jm-input-1","targetX":2194.948939494282,"targetY":-748.2943141438111,"type":"custom","updatable":true},{"data":{},"id":"vueflow__edge-f064wsnf064wsn-output-2-9aj2n9f9aj2n9f-input-1","label":"","markerEnd":"arrowclosed","selectable":true,"source":"f064wsn","sourceHandle":"f064wsn-output-2","sourceX":791.8606032166265,"sourceY":-408.41275787492486,"target":"9aj2n9f","targetHandle":"9aj2n9f-input-1","targetX":1918.4310951627042,"targetY":216.1416891751111,"type":"custom","updatable":true},{"data":{},"id":"vueflow__edge-lpch92hlpch92h-output-1-r7w78mxr7w78mx-input-1","label":"","markerEnd":"arrowclosed","selectable":true,"source":"lpch92h","sourceHandle":"lpch92h-output-1","sourceX":2266.762302710965,"sourceY":-813.2463731343555,"target":"r7w78mx","targetHandle":"r7w78mx-input-1","targetX":2519.283841967032,"targetY":-433.95452332892614,"type":"custom","updatable":true},{"data":{},"id":"vueflow__edge-2ryad7s2ryad7s-output-1-xjmth0jxjmth0j-input-1","label":"","markerEnd":"arrowclosed","selectable":true,"source":"2ryad7s","sourceHandle":"2ryad7s-output-1","sourceX":2711.760692058653,"sourceY":-467.5925731123816,"target":"xjmth0j","targetHandle":"xjmth0j-input-1","targetX":2188.120391189545,"targetY":-74.44608637653268,"type":"custom","updatable":true},{"data":{},"id":"vueflow__edge-xjmth0jxjmth0j-output-1-kk1qd5gkk1qd5g-input-1","label":"","markerEnd":"arrowclosed","selectable":true,"source":"xjmth0j","sourceHandle":"xjmth0j-output-1","sourceX":2428.120391189545,"sourceY":-74.44608637653268,"target":"kk1qd5g","targetHandle":"kk1qd5g-input-1","targetX":2479.2007236748077,"targetY":48.88415475346615,"type":"custom","updatable":true},{"data":{},"id":"vueflow__edge-xqy1xc3xqy1xc3-output-1-3x3qmc23x3qmc2-input-1","label":"","markerEnd":"arrowclosed","selectable":true,"source":"xqy1xc3","sourceHandle":"xqy1xc3-output-1","sourceX":2861.565615373296,"sourceY":69.07195241917111,"target":"3x3qmc2","targetHandle":"3x3qmc2-input-1","targetX":925.4611174904103,"targetY":-249.1376047090447,"type":"custom","updatable":true},{"data":{},"id":"vueflow__edge-1kia4cl1kia4cl-output-vB_oRhUXH_YmVnD6B-XvB-muly5rmmuly5rm-input-1","label":"","markerEnd":"arrowclosed","selectable":true,"source":"1kia4cl","sourceHandle":"1kia4cl-output-vB_oRhUXH_YmVnD6B-XvB","sourceX":1379.1602663494982,"sourceY":-888.3557580302246,"target":"muly5rm","targetHandle":"muly5rm-input-1","targetX":1902.9472258296084,"targetY":-405.9516661568424,"type":"custom","updatable":true},{"data":{},"id":"vueflow__edge-1kia4cl1kia4cl-output-fallback-a3j2weha3j2weh-input-1","label":"","markerEnd":"arrowclosed","selectable":true,"source":"1kia4cl","sourceHandle":"1kia4cl-output-fallback","sourceX":1378.1602663494982,"sourceY":-846.3557580302246,"target":"a3j2weh","targetHandle":"a3j2weh-input-1","targetX":1436.0412587585297,"targetY":-559.6841767729094,"type":"custom","updatable":true},{"data":{},"id":"vueflow__edge-l5u7i0ul5u7i0u-output-1-urrawgeurrawge-input-1","label":"","markerEnd":"arrowclosed","selectable":true,"source":"l5u7i0u","sourceHandle":"l5u7i0u-output-1","sourceX":2180.381812837501,"sourceY":334.1711283519704,"target":"urrawge","targetHandle":"urrawge-input-1","targetX":1899.592794103772,"targetY":456.991364660052,"type":"custom","updatable":true},{"data":{},"id":"vueflow__edge-c5xt30oc5xt30o-output-fallback-tdctu4ytdctu4y-input-1","label":"","markerEnd":"arrowclosed","selectable":true,"source":"c5xt30o","sourceHandle":"c5xt30o-output-fallback","sourceX":2977.772684830936,"sourceY":178.3680108219651,"target":"tdctu4y","targetHandle":"tdctu4y-input-1","targetX":2407.682790409286,"targetY":-857.5973894171577,"type":"custom","updatable":true},{"data":{},"id":"vueflow__edge-c5xt30oc5xt30o-output-1-8v692xk8v692xk-input-1","label":"","markerEnd":"arrowclosed","selectable":true,"source":"c5xt30o","sourceHandle":"c5xt30o-output-1","sourceX":2977.772684830936,"sourceY":156.3680108219651,"target":"8v692xk","targetHandle":"8v692xk-input-1","targetX":1447.5791248954165,"targetY":-457.9721224009981,"type":"custom","updatable":true},{"data":{},"id":"vueflow__edge-8v692xk8v692xk-output-1-ln3by6iln3by6i-input-1","label":"","markerEnd":"arrowclosed","selectable":true,"source":"8v692xk","sourceHandle":"8v692xk-output-1","sourceX":1687.5791248954165,"sourceY":-457.9721224009981,"target":"ln3by6i","targetHandle":"ln3by6i-input-1","targetX":2814.571147568976,"targetY":388.12776374077464,"type":"custom","updatable":true},{"data":{},"id":"vueflow__edge-ln3by6iln3by6i-output-1-bknhifxbknhifx-input-1","label":"","markerEnd":"arrowclosed","selectable":true,"source":"ln3by6i","sourceHandle":"ln3by6i-output-1","sourceX":3054.571147568976,"sourceY":388.12776374077464,"target":"bknhifx","targetHandle":"bknhifx-input-1","targetX":1831.827581752689,"targetY":-478.9774455322545,"type":"custom","updatable":true},{"data":{},"id":"vueflow__edge-vs67odovs67odo-output-1-bnh6eghbnh6egh-input-1","label":"","markerEnd":"arrowclosed","selectable":true,"source":"vs67odo","sourceHandle":"vs67odo-output-1","sourceX":2738.4395352016477,"sourceY":-350.64534093106886,"target":"bnh6egh","targetHandle":"bnh6egh-input-1","targetX":2596.3514490944776,"targetY":-572.6207067747871,"type":"custom","updatable":true},{"data":{},"id":"vueflow__edge-bnh6eghbnh6egh-output-fallback-y4wpaxwy4wpaxw-input-1","label":"","markerEnd":"arrowclosed","selectable":true,"source":"bnh6egh","sourceHandle":"bnh6egh-output-fallback","sourceX":2900.3514490944776,"sourceY":-520.1936437865058,"target":"y4wpaxw","targetHandle":"y4wpaxw-input-1","targetX":1909.8285383034547,"targetY":177.75497277360196,"type":"custom","updatable":true},{"data":{},"id":"vueflow__edge-bnh6eghbnh6egh-output-e2L7coxgXJZwePZRhPA0T-qcyy98mqcyy98m-input-1","label":"","markerEnd":"arrowclosed","selectable":true,"source":"bnh6egh","sourceHandle":"bnh6egh-output-e2L7coxgXJZwePZRhPA0T","sourceX":2901.3514490944776,"sourceY":-562.1936437865058,"target":"qcyy98m","targetHandle":"qcyy98m-input-1","targetX":1989.7644509263441,"targetY":159.86833187796424,"type":"custom","updatable":true},{"data":{},"id":"vueflow__edge-qcyy98mqcyy98m-output-1-ol71e77ol71e77-input-1","label":"","markerEnd":"arrowclosed","selectable":true,"source":"qcyy98m","sourceHandle":"qcyy98m-output-1","sourceX":2229.764450926344,"sourceY":159.86833187796424,"target":"ol71e77","targetHandle":"ol71e77-input-1","targetX":2237.058888970695,"targetY":167.05727909362272,"type":"custom","updatable":true},{"data":{},"id":"vueflow__edge-46fg0g946fg0g9-output-1-mey0oqjmey0oqj-input-1","label":"","markerEnd":"arrowclosed","selectable":true,"source":"46fg0g9","sourceHandle":"46fg0g9-output-1","sourceX":2710.161432666156,"sourceY":-212.88473132568163,"target":"mey0oqj","targetHandle":"mey0oqj-input-1","targetX":1858.8826514598543,"targetY":310.0952432997045,"type":"custom","updatable":true},{"data":{},"id":"vueflow__edge-voxuh73voxuh73-output-1-nhtymqbnhtymqb-input-1","label":"","markerEnd":"arrowclosed","selectable":true,"source":"voxuh73","sourceHandle":"voxuh73-output-1","sourceX":2252.2689542294197,"sourceY":-364.45831003194337,"target":"nhtymqb","targetHandle":"nhtymqb-input-1","targetX":2243.156137440742,"targetY":-374.69280336669283,"type":"custom","updatable":true},{"data":{},"id":"vueflow__edge-nhtymqbnhtymqb-output-1-vs67odovs67odo-input-1","label":"","markerEnd":"arrowclosed","selectable":true,"source":"nhtymqb","sourceHandle":"nhtymqb-output-1","sourceX":2483.156137440742,"sourceY":-374.69280336669283,"target":"vs67odo","targetHandle":"vs67odo-input-1","targetX":2498.4395352016477,"targetY":-350.64534093106886,"type":"custom","updatable":true},{"data":{},"id":"vueflow__edge-kjj1677kjj1677-output-1-46fg0g946fg0g9-input-1","label":"","markerEnd":"arrowclosed","selectable":true,"source":"kjj1677","sourceHandle":"kjj1677-output-1","sourceX":2391.2533713698967,"sourceY":-212.24868833073867,"target":"46fg0g9","targetHandle":"46fg0g9-input-1","targetX":2470.161432666156,"targetY":-212.88473132568163,"type":"custom","updatable":true},{"data":{},"id":"vueflow__edge-urrawgeurrawge-output-1-lgpqx0nlgpqx0n-input-1","label":"","markerEnd":"arrowclosed","selectable":true,"source":"urrawge","sourceHandle":"urrawge-output-1","sourceX":2139.5927941037717,"sourceY":456.991364660052,"target":"lgpqx0n","targetHandle":"lgpqx0n-input-1","targetX":2255.502289174995,"targetY":395.3524525375643,"type":"custom","updatable":true},{"data":{},"id":"vueflow__edge-lgpqx0nlgpqx0n-output-1-qjfesinqjfesin-input-1","label":"","markerEnd":"arrowclosed","selectable":true,"source":"lgpqx0n","sourceHandle":"lgpqx0n-output-1","sourceX":2495.502289174995,"sourceY":395.3524525375643,"target":"qjfesin","targetHandle":"qjfesin-input-1","targetX":2790.6149570779644,"targetY":80.57648079870935,"type":"custom","updatable":true},{"data":{},"id":"vueflow__edge-qjfesinqjfesin-output-1-aqncna7aqncna7-input-1","label":"","markerEnd":"arrowclosed","selectable":true,"source":"qjfesin","sourceHandle":"qjfesin-output-1","sourceX":3030.6149570779644,"sourceY":80.57648079870935,"target":"aqncna7","targetHandle":"aqncna7-input-1","targetX":2052.9552197604116,"targetY":-902.5311551956377,"type":"custom","updatable":true},{"data":{},"id":"vueflow__edge-aqncna7aqncna7-output-1-c5xt30oc5xt30o-input-1","label":"","markerEnd":"arrowclosed","selectable":true,"source":"aqncna7","sourceHandle":"aqncna7-output-1","sourceX":2292.9552197604116,"sourceY":-902.5311551956377,"target":"c5xt30o","targetHandle":"c5xt30o-input-1","targetX":2737.772684830936,"targetY":156.3680108219651,"type":"custom","updatable":true},{"data":{},"id":"vueflow__edge-75al11v75al11v-output-1-r7w78mxr7w78mx-input-1","label":"","markerEnd":"arrowclosed","selectable":true,"source":"75al11v","sourceHandle":"75al11v-output-1","sourceX":2053.207122324925,"sourceY":-325.61460746243836,"target":"r7w78mx","targetHandle":"r7w78mx-input-1","targetX":2519.283841967032,"targetY":-433.95452332892614,"type":"custom","updatable":true},{"data":{},"id":"vueflow__edge-8v692xk8v692xk-output-fallback-b7yblpwb7yblpw-input-1","label":"","markerEnd":"arrowclosed","selectable":true,"source":"8v692xk","sourceHandle":"8v692xk-output-fallback","sourceX":1687.5791248954165,"sourceY":-435.9721224009981,"target":"b7yblpw","targetHandle":"b7yblpw-input-1","targetX":2783.1739957415284,"targetY":318.2559613629111,"type":"custom","updatable":true},{"data":{},"id":"vueflow__edge-b7yblpwb7yblpw-output-1-baklkrnbaklkrn-input-1","label":"","markerEnd":"arrowclosed","selectable":true,"source":"b7yblpw","sourceHandle":"b7yblpw-output-1","sourceX":3023.1739957415284,"sourceY":318.2559613629111,"target":"baklkrn","targetHandle":"baklkrn-input-1","targetX":2208.965694746996,"targetY":661.9539411550268,"type":"custom","updatable":true},{"data":{},"id":"vueflow__edge-baklkrnbaklkrn-output-1-2ec25l92ec25l9-input-1","label":"","markerEnd":"arrowclosed","selectable":true,"source":"baklkrn","sourceHandle":"baklkrn-output-1","sourceX":2448.965450606371,"sourceY":661.9539411550268,"target":"2ec25l9","targetHandle":"2ec25l9-input-1","targetX":2543.1177037868842,"targetY":622.4447630391635,"type":"custom","updatable":true},{"data":{},"id":"vueflow__edge-2ec25l92ec25l9-output-1-9pepq0q9pepq0q-input-1","label":"","markerEnd":"arrowclosed","selectable":true,"source":"2ec25l9","sourceHandle":"2ec25l9-output-1","sourceX":2783.1177037868842,"sourceY":622.4447630391635,"target":"9pepq0q","targetHandle":"9pepq0q-input-1","targetX":2172.7349186512283,"targetY":-562.5974267087381,"type":"custom","updatable":true},{"data":{},"id":"vueflow__edge-9pepq0q9pepq0q-output-1-l1fl7jml1fl7jm-input-1","label":"","markerEnd":"arrowclosed","selectable":true,"source":"9pepq0q","sourceHandle":"9pepq0q-output-1","sourceX":2412.7351627918533,"sourceY":-562.5974267087381,"target":"l1fl7jm","targetHandle":"l1fl7jm-input-1","targetX":2194.948939494282,"targetY":-748.2943141438111,"type":"custom","updatable":true},{"data":{},"id":"vueflow__edge-t8s3bfst8s3bfs-output-1-a3j2weha3j2weh-input-1","label":"","markerEnd":"arrowclosed","selectable":true,"source":"t8s3bfs","sourceHandle":"t8s3bfs-output-1","sourceX":526.1921108564638,"sourceY":-891.4478369144018,"target":"a3j2weh","targetHandle":"a3j2weh-input-1","targetX":1436.0412587585297,"targetY":-559.6841767729094,"type":"custom","updatable":true}],"nodes":[{"data":{"description":"修改","disableBlock":false,"findBy":"cssSelector","markEl":false,"multiple":false,"onError":{"dataToInsert":[],"enable":true,"insertData":false,"retry":true,"retryInterval":1,"retryTimes":16,"toDo":"continue"},"selector":"*:nth-child(4) > *:nth-child(3) |> *:nth-child(1) > *:nth-child(12) > *:nth-child(1)","settings":{"blockTimeout":0,"debugMode":false},"waitForSelector":false,"waitSelectorTimeout":5000},"id":"l5u7i0u","initialized":false,"label":"event-click","position":{"x":1964.381812837501,"y":298.1711283519704},"type":"BlockBasic"},{"data":{"description":"基本信息","disableBlock":false,"findBy":"cssSelector","markEl":false,"multiple":false,"onError":{"dataToInsert":[],"enable":true,"insertData":false,"retry":true,"retryInterval":2,"retryTimes":30,"toDo":"error"},"selector":".RuoYi_iframe:nth-child(3) |> li#basic_info_li","settings":{"blockTimeout":0,"debugMode":false},"waitForSelector":false,"waitSelectorTimeout":5000},"id":"l1fl7jm","initialized":false,"label":"event-click","position":{"x":2218.948939494282,"y":-784.2943141438111},"type":"BlockBasic"},{"data":{"description":"保存","disableBlock":false,"findBy":"cssSelector","markEl":false,"multiple":false,"onError":{"dataToInsert":[],"enable":true,"insertData":false,"retry":false,"retryInterval":1,"retryTimes":10,"toDo":"error"},"selector":".RuoYi_iframe:nth-child(3) |> #button_save > .layui-btn","settings":{"blockTimeout":2000,"debugMode":false},"waitForSelector":false,"waitSelectorTimeout":5000},"id":"46fg0g9","initialized":false,"label":"event-click","position":{"x":2494.161432666156,"y":-248.88473132568163},"type":"BlockBasic"},{"data":{"description":"无","disableBlock":false,"findBy":"cssSelector","markEl":false,"multiple":false,"onError":{"dataToInsert":[],"enable":true,"insertData":false,"retry":false,"retryInterval":1,"retryTimes":10,"toDo":"continue"},"selector":".RuoYi_iframe:nth-child(3) |> .posttable:nth-child(2) tr:nth-child(1) label:nth-child({{variables.chufang}}) > .x-layui-input","settings":{"blockTimeout":0,"debugMode":false},"waitForSelector":false,"waitSelectorTimeout":6000},"id":"bknhifx","initialized":false,"label":"event-click","position":{"x":1855.827581752689,"y":-514.9774455322545},"type":"BlockBasic"},{"data":{"description":"保存确定","disableBlock":false,"findBy":"cssSelector","markEl":false,"multiple":false,"onError":{"dataToInsert":[],"enable":true,"insertData":false,"retry":true,"retryInterval":0.1,"retryTimes":30,"toDo":"continue"},"selector":".RuoYi_iframe:nth-child(3) |> a.layui-layer-btn0","settings":{"blockTimeout":0,"debugMode":false},"waitForSelector":false,"waitSelectorTimeout":5000},"id":"ew0gz4x","initialized":false,"label":"event-click","position":{"x":2231.2397749748734,"y":316.26548867463333},"type":"BlockBasic"},{"data":{"description":"返回","disableBlock":false,"findBy":"cssSelector","markEl":false,"multiple":false,"onError":{"dataToInsert":[],"enable":true,"insertData":false,"retry":false,"retryInterval":1,"retryTimes":10,"toDo":"continue"},"selector":".RuoYi_iframe:nth-child(3) |> button.btn-gray","settings":{"blockTimeout":0,"debugMode":false},"waitForSelector":false,"waitSelectorTimeout":500},"id":"yoy6wh7","initialized":false,"label":"event-click","position":{"x":2012.2284678126812,"y":-88.246968120838},"type":"BlockBasic"},{"data":{"description":"返回确定","disableBlock":false,"findBy":"cssSelector","markEl":false,"multiple":false,"onError":{"dataToInsert":[],"enable":true,"insertData":false,"retry":false,"retryInterval":0.1,"retryTimes":30,"toDo":"continue"},"selector":".RuoYi_iframe:nth-child(3) |> a.layui-layer-btn0","settings":{"blockTimeout":0,"debugMode":false},"waitForSelector":false,"waitSelectorTimeout":5000},"id":"iflmrjx","initialized":false,"label":"event-click","position":{"x":2333.0587598240277,"y":123.80059265876707},"type":"BlockBasic"},{"data":{"description":"个人档案","disableBlock":false,"findBy":"cssSelector","markEl":false,"multiple":false,"onError":{"dataToInsert":[],"enable":true,"insertData":false,"retry":true,"retryInterval":1,"retryTimes":20,"toDo":"continue"},"selector":".in > li:nth-child(2) > .menuItem","settings":{"blockTimeout":0,"debugMode":false},"waitForSelector":false,"waitSelectorTimeout":5000},"id":"a3j2weh","initialized":false,"label":"event-click","position":{"x":1460.0412587585297,"y":-595.6841767729094},"type":"BlockBasic"},{"data":{"description":"尾页","disableBlock":false,"findBy":"cssSelector","markEl":false,"multiple":false,"onError":{"dataToInsert":[],"enable":true,"insertData":false,"retry":true,"retryInterval":0.1,"retryTimes":200,"toDo":"error"},"selector":".RuoYi_iframe:nth-child(3) |> .right > a:nth-child(5) > .layui-icon","settings":{"blockTimeout":0,"debugMode":false},"waitForSelector":false,"waitSelectorTimeout":5000},"id":"ak3axc2","initialized":false,"label":"event-click","position":{"x":2156.477691411235,"y":205.2844186461986},"type":"BlockBasic"},{"data":{"disableBlock":false,"repeatFor":"1500"},"id":"f064wsn","initialized":false,"label":"repeat-task","position":{"x":511.8606032166265,"y":-521.2565078749249},"type":"BlockRepeatTask"},{"data":{"disableBlock":false,"time":"1000"},"id":"kjj1677","initialized":false,"label":"delay","position":{"x":2175.2531272292717,"y":-270.6653448248793},"type":"BlockDelay"},{"data":{"disableBlock":false,"time":"4000"},"id":"wo7v7yb","initialized":false,"label":"delay","position":{"x":1115.557169147829,"y":-254.17994144350632},"type":"BlockDelay"},{"data":{"disableBlock":false,"time":"1000"},"id":"r2uu6ff","initialized":false,"label":"delay","position":{"x":1687.798844873265,"y":-105.67076965875282},"type":"BlockDelay"},{"data":{"disableBlock":false,"time":"3000"},"id":"3x3qmc2","initialized":false,"label":"delay","position":{"x":949.4611174904103,"y":-307.55429172076344},"type":"BlockDelay"},{"data":{"disableBlock":false,"time":500},"id":"nrnido1","initialized":false,"label":"delay","position":{"x":2150.9836083942964,"y":203.6709783128487},"type":"BlockDelay"},{"data":{"description":"无","disableBlock":false,"findBy":"cssSelector","markEl":false,"multiple":false,"onError":{"dataToInsert":[],"enable":true,"insertData":false,"retry":false,"retryInterval":1,"retryTimes":10,"toDo":"continue"},"selector":"iframe:nth-child(3) |> table:nth-child(2) > tbody > tr:nth-child(5) label:nth-child(1) > input","settings":{"blockTimeout":0,"debugMode":false},"waitForSelector":false,"waitSelectorTimeout":6000},"id":"g7dsd85","initialized":false,"label":"event-click","position":{"x":1882.8639628950596,"y":-262.88994076771155},"type":"BlockBasic"},{"data":{"assignVariable":false,"clearValue":true,"dataColumn":"","delay":0,"description":"修改存在","disableBlock":false,"events":[],"findBy":"cssSelector","getValue":true,"markEl":false,"multiple":false,"onError":{"dataToInsert":[],"enable":true,"insertData":false,"retry":true,"retryInterval":0.1,"retryTimes":200,"toDo":"error"},"optionPosition":"1","saveData":false,"selectOptionBy":"value","selected":true,"selector":"*:nth-child(4) > *:nth-child(3) |> *:nth-child(1) > *:nth-child(12) > *:nth-child(1)","settings":{"blockTimeout":0,"debugMode":false},"type":"text-field","value":"","variableName":"","waitForSelector":false,"waitSelectorTimeout":5000},"id":"9aj2n9f","initialized":false,"label":"forms","position":{"x":1942.4310951627042,"y":180.1416891751111},"type":"BlockBasic"},{"data":{"assignVariable":false,"clearValue":true,"dataColumn":"","delay":0,"description":"","disableBlock":false,"events":[],"findBy":"cssSelector","getValue":true,"markEl":false,"multiple":false,"onError":{"dataToInsert":[],"enable":true,"insertData":false,"retry":true,"retryInterval":0.2,"retryTimes":20,"toDo":"fallback"},"optionPosition":"1","saveData":false,"selectOptionBy":"value","selected":true,"selector":"iframe:nth-child(3) |> fieldset:nth-child(2) > table:nth-child(2) tr:nth-child(1) label:nth-child(1) > input","settings":{"blockTimeout":0,"debugMode":false},"type":"text-field","value":"","variableName":"","waitForSelector":false,"waitSelectorTimeout":5000},"id":"8v692xk","initialized":false,"label":"forms","position":{"x":1471.5791248954165,"y":-505.9721224009981},"type":"BlockBasic"},{"data":{"disableBlock":false,"time":"3000"},"id":"mey0oqj","initialized":false,"label":"delay","position":{"x":1882.8826514598543,"y":251.67857154677483},"type":"BlockDelay"},{"data":{"disableBlock":false,"settings":{"blockTimeout":0,"debugMode":false},"time":"2000"},"id":"0ge6i6p","initialized":false,"label":"delay","position":{"x":2354.009224056479,"y":-113.37902898924051},"type":"BlockDelay"},{"data":{"description":"返回确定","disableBlock":false,"findBy":"cssSelector","markEl":false,"multiple":false,"onError":{"dataToInsert":[],"enable":true,"insertData":false,"retry":false,"retryInterval":0.1,"retryTimes":30,"toDo":"continue"},"selector":".RuoYi_iframe:nth-child(3) |> a.layui-layer-btn0","settings":{"blockTimeout":0,"debugMode":false},"waitForSelector":false,"waitSelectorTimeout":5000},"id":"xqk99ra","initialized":false,"label":"event-click","position":{"x":2638.110807406365,"y":381.8368430128736},"type":"BlockBasic"},{"data":{"disableBlock":false,"settings":{"blockTimeout":0,"debugMode":false},"time":"1000"},"id":"xqy1xc3","initialized":false,"label":"delay","position":{"x":2645.565615373296,"y":10.65528448093869},"type":"BlockDelay"},{"data":{"disableBlock":false,"settings":{"blockTimeout":0,"debugMode":false},"time":"1000"},"id":"pnb8sr2","initialized":false,"label":"delay","position":{"x":1663.4487992564782,"y":-288.0364374754097},"type":"BlockDelay"},{"data":{"description":"返回确定","disableBlock":false,"findBy":"cssSelector","markEl":false,"multiple":false,"onError":{"dataToInsert":[],"enable":true,"insertData":false,"retry":false,"retryInterval":0.1,"retryTimes":30,"toDo":"continue"},"selector":".RuoYi_iframe:nth-child(3) |> a.layui-layer-btn0","settings":{"blockTimeout":0,"debugMode":false},"waitForSelector":false,"waitSelectorTimeout":5000},"id":"z40mu0b","initialized":false,"label":"event-click","position":{"x":1938.0755571670406,"y":453.6836500053023},"type":"BlockBasic"},{"data":{"assignVariable":false,"clearValue":true,"dataColumn":"","delay":0,"description":"","disableBlock":false,"events":[],"findBy":"cssSelector","getValue":false,"markEl":false,"multiple":false,"onError":{"dataToInsert":[],"enable":true,"insertData":false,"retry":true,"retryInterval":0.1,"retryTimes":100,"toDo":"error"},"optionPosition":"1","saveData":false,"selectOptionBy":"value","selected":true,"selector":".RuoYi_iframe:nth-child(3) |> tr:nth-child(15) > td","settings":{"blockTimeout":0,"debugMode":false},"type":"text-field","value":"15036622384","variableName":"","waitForSelector":false,"waitSelectorTimeout":5000},"id":"tdctu4y","initialized":false,"label":"forms","position":{"x":2431.682790409286,"y":-893.5973894171577},"type":"BlockBasic"},{"data":{"assignVariable":false,"clearValue":true,"dataColumn":"","delay":0,"description":"","disableBlock":false,"events":[],"findBy":"cssSelector","getValue":false,"markEl":false,"multiple":false,"onError":{"dataToInsert":[],"enable":true,"insertData":false,"retry":true,"retryInterval":0.1,"retryTimes":100,"toDo":"error"},"optionPosition":"1","saveData":false,"selectOptionBy":"value","selected":true,"selector":".RuoYi_iframe:nth-child(3) |> input#text_guardianPhoneOne","settings":{"blockTimeout":0,"debugMode":false},"type":"text-field","value":"15036622384","variableName":"","waitForSelector":false,"waitSelectorTimeout":5000},"id":"75al11v","initialized":false,"label":"forms","position":{"x":1837.2071223249247,"y":-361.61460746243836},"type":"BlockBasic"},{"data":{"conditions":[{"conditions":[{"conditions":[{"id":"_ViT8D5qjhULOl96EJqUj","items":[{"category":"value","data":{"value":"{{variables.wei}}"},"id":"xfB3JINKCW7l7ZWXXTudf","type":"value"},{"category":"compare","id":"HSWvb6b1PyyLg3HHPanNS","type":"eq"},{"category":"value","data":{"value":"1"},"id":"pFsTqqzHgQg6ylT-sUDB7","type":"value"}]}],"id":"-RJQXkZkhFKCvR0pBrUac"}],"id":"3Ek4yJfonswwXWX0Labi-","name":"Path 1"}],"description":"","disableBlock":false,"retryConditions":false,"retryCount":10,"retryTimeout":1000},"id":"njvzk0e","initialized":false,"label":"conditions","position":{"x":1070.2080788167282,"y":-409.54415480732234},"type":"BlockConditions"},{"data":{"description":"尾页","disableBlock":false,"findBy":"cssSelector","markEl":false,"multiple":false,"onError":{"dataToInsert":[],"enable":true,"insertData":false,"retry":true,"retryInterval":0.1,"retryTimes":200,"toDo":"error"},"selector":".RuoYi_iframe:nth-child(3) |> .right > a:nth-child(5) > .layui-icon","settings":{"blockTimeout":0,"debugMode":false},"waitForSelector":false,"waitSelectorTimeout":5000},"id":"c72emep","initialized":false,"label":"event-click","position":{"x":1654.6480193237921,"y":396.05513135040053},"type":"BlockBasic"},{"data":{"assignVariable":true,"clearValue":true,"dataColumn":"","delay":0,"description":"","disableBlock":false,"events":[],"findBy":"cssSelector","getValue":true,"markEl":false,"multiple":false,"onError":{"dataToInsert":[],"enable":true,"insertData":false,"retry":true,"retryInterval":0.1,"retryTimes":100,"toDo":"fallback"},"optionPosition":"1","saveData":false,"selectOptionBy":"value","selected":true,"selector":".RuoYi_iframe:nth-child(3) |> input#gotoPageNo","settings":{"blockTimeout":0,"debugMode":false},"type":"text-field","value":"","variableName":"wei","waitForSelector":false,"waitSelectorTimeout":5000},"id":"gzt5i6t","initialized":false,"label":"forms","position":{"x":1467.8462919694562,"y":50.75885948651549},"type":"BlockBasic"},{"data":{"description":"RH","disableBlock":false,"findBy":"cssSelector","markEl":false,"multiple":false,"onError":{"dataToInsert":[],"enable":true,"insertData":false,"retry":false,"retryInterval":1,"retryTimes":10,"toDo":"continue"},"selector":".RuoYi_iframe:nth-child(3) |> td:nth-child(4) > label:nth-child(3) > .x-layui-input","settings":{"blockTimeout":0,"debugMode":false},"waitForSelector":false,"waitSelectorTimeout":6000},"id":"2ryad7s","initialized":false,"label":"event-click","position":{"x":2495.760692058653,"y":-503.5925731123816},"type":"BlockBasic"},{"data":{"description":"血型","disableBlock":false,"findBy":"cssSelector","markEl":false,"multiple":false,"onError":{"dataToInsert":[],"enable":true,"insertData":false,"retry":false,"retryInterval":1,"retryTimes":10,"toDo":"continue"},"selector":".RuoYi_iframe:nth-child(3) |> tr:nth-child(6) label:nth-child(5) > .x-layui-input","settings":{"blockTimeout":0,"debugMode":false},"waitForSelector":false,"waitSelectorTimeout":6000},"id":"0ripad9","initialized":false,"label":"event-click","position":{"x":2210.025720956103,"y":-500.3001770599386},"type":"BlockBasic"},{"data":{"description":"城乡","disableBlock":false,"findBy":"cssSelector","markEl":false,"multiple":false,"onError":{"dataToInsert":[],"enable":true,"insertData":false,"retry":false,"retryInterval":1,"retryTimes":10,"toDo":"continue"},"selector":".RuoYi_iframe:nth-child(3) |> td > label:nth-child(2) > .checkboxGroup","settings":{"blockTimeout":0,"debugMode":false},"waitForSelector":false,"waitSelectorTimeout":6000},"id":"irplfpe","initialized":false,"label":"event-click","position":{"x":2042.0803796336706,"y":-21.527708630796},"type":"BlockBasic"},{"data":{"assignVariable":false,"clearValue":true,"dataColumn":"","delay":0,"description":"联系人","disableBlock":false,"events":[],"findBy":"cssSelector","getValue":false,"markEl":false,"multiple":false,"onError":{"dataToInsert":[],"enable":false,"insertData":false,"retry":false,"retryInterval":0.1,"retryTimes":100,"toDo":"error"},"optionPosition":"1","saveData":false,"selectOptionBy":"value","selected":true,"selector":".RuoYi_iframe:nth-child(3) |> input#firstGuardian","settings":{"blockTimeout":0,"debugMode":false},"type":"text-field","value":"无","variableName":"","waitForSelector":false,"waitSelectorTimeout":5000},"id":"kk1qd5g","initialized":false,"label":"forms","position":{"x":2503.2007236748077,"y":12.884152846117516},"type":"BlockBasic"},{"data":{"assignVariable":false,"clearValue":true,"dataColumn":"","delay":0,"description":"工作单位","disableBlock":false,"events":[],"findBy":"cssSelector","getValue":false,"markEl":false,"multiple":false,"onError":{"dataToInsert":[],"enable":false,"insertData":false,"retry":false,"retryInterval":0.1,"retryTimes":100,"toDo":"error"},"optionPosition":"1","saveData":false,"selectOptionBy":"value","selected":true,"selector":".RuoYi_iframe:nth-child(3) |> input#unitName","settings":{"blockTimeout":0,"debugMode":false},"type":"text-field","value":"无","variableName":"","waitForSelector":false,"waitSelectorTimeout":5000},"id":"en6itga","initialized":false,"label":"forms","position":{"x":1460.069550004537,"y":-274.5749392800618},"type":"BlockBasic"},{"data":{"assignVariable":false,"clearValue":true,"dataColumn":"","delay":0,"description":"文化程度","disableBlock":false,"events":[],"findBy":"cssSelector","getValue":false,"markEl":false,"multiple":false,"onError":{"dataToInsert":[],"enable":false,"insertData":false,"retry":false,"retryInterval":0.1,"retryTimes":100,"toDo":"error"},"optionPosition":"1","saveData":false,"selectOptionBy":"last-option","selected":true,"selector":".RuoYi_iframe:nth-child(3) |> input#unitName","settings":{"blockTimeout":0,"debugMode":false},"type":"select","value":"无","variableName":"","waitForSelector":false,"waitSelectorTimeout":5000},"id":"phufzhh","initialized":false,"label":"forms","position":{"x":1646.436361080776,"y":-246.84166656351226},"type":"BlockBasic"},{"data":{"assignVariable":false,"clearValue":true,"dataColumn":"","delay":0,"description":"职业","disableBlock":false,"events":[],"findBy":"cssSelector","getValue":false,"markEl":false,"multiple":false,"onError":{"dataToInsert":[],"enable":false,"insertData":false,"retry":false,"retryInterval":0.1,"retryTimes":100,"toDo":"error"},"optionPosition":"1","saveData":false,"selectOptionBy":"last-option","selected":true,"selector":".RuoYi_iframe:nth-child(3) |> select#occupation","settings":{"blockTimeout":0,"debugMode":false},"type":"select","value":"无","variableName":"","waitForSelector":false,"waitSelectorTimeout":5000},"id":"voxuh73","initialized":false,"label":"forms","position":{"x":2036.2689542294197,"y":-400.45831003194337},"type":"BlockBasic"},{"data":{"description":"液化气","disableBlock":false,"findBy":"cssSelector","markEl":false,"multiple":false,"onError":{"dataToInsert":[],"enable":true,"insertData":false,"retry":false,"retryInterval":1,"retryTimes":10,"toDo":"continue"},"selector":".RuoYi_iframe:nth-child(3) |> tr:nth-child(2) label:nth-child({{variables.ranliao}}) > .x-layui-input","settings":{"blockTimeout":0,"debugMode":false},"waitForSelector":false,"waitSelectorTimeout":6000},"id":"vs67odo","initialized":false,"label":"event-click","position":{"x":2522.4395352016477,"y":-386.64534093106886},"type":"BlockBasic"},{"data":{"description":"卫生厕所","disableBlock":false,"findBy":"cssSelector","markEl":false,"multiple":false,"onError":{"dataToInsert":[],"enable":true,"insertData":false,"retry":false,"retryInterval":1,"retryTimes":10,"toDo":"continue"},"selector":"iframe:nth-child(3) |> fieldset:nth-child(2) tr:nth-child(4) label:nth-child({{variables.cesuo}}) > input","settings":{"blockTimeout":0,"debugMode":false},"waitForSelector":false,"waitSelectorTimeout":6000},"id":"y4wpaxw","initialized":false,"label":"event-click","position":{"x":1933.8285383034547,"y":141.75497277360196},"type":"BlockBasic"},{"data":{"description":"婚姻","disableBlock":false,"findBy":"cssSelector","markEl":false,"multiple":false,"onError":{"dataToInsert":[],"enable":true,"insertData":false,"retry":false,"retryInterval":1,"retryTimes":10,"toDo":"continue"},"selector":".RuoYi_iframe:nth-child(3) |> tr:nth-child(8) > td:nth-child(2) > label:nth-child(1) > .x-layui-input","settings":{"blockTimeout":0,"debugMode":false},"waitForSelector":false,"waitSelectorTimeout":6000},"id":"ol71e77","initialized":false,"label":"event-click","position":{"x":2261.058888970695,"y":131.05727909362272},"type":"BlockBasic"},{"data":{"assignVariable":false,"clearValue":true,"dataColumn":"","delay":0,"description":"文化程度","disableBlock":false,"events":[],"findBy":"cssSelector","getValue":false,"markEl":false,"multiple":false,"onError":{"dataToInsert":[],"enable":false,"insertData":false,"retry":false,"retryInterval":0.1,"retryTimes":100,"toDo":"error"},"optionPosition":"1","saveData":false,"selectOptionBy":"last-option","selected":true,"selector":".RuoYi_iframe:nth-child(3) |> select#education","settings":{"blockTimeout":0,"debugMode":false},"type":"select","value":"无","variableName":"","waitForSelector":false,"waitSelectorTimeout":5000},"id":"n27vpbk","initialized":false,"label":"forms","position":{"x":2515.969885477971,"y":167.0263115047334},"type":"BlockBasic"},{"data":{"assignVariable":false,"clearValue":true,"dataColumn":"","delay":0,"description":"镇","disableBlock":false,"events":[],"findBy":"cssSelector","getValue":false,"markEl":false,"multiple":false,"onError":{"dataToInsert":[],"enable":false,"insertData":false,"retry":false,"retryInterval":0.1,"retryTimes":100,"toDo":"error"},"optionPosition":"7","saveData":false,"selectOptionBy":"custom-position","selected":true,"selector":".RuoYi_iframe:nth-child(3) |> select#hrtownShip","settings":{"blockTimeout":0,"debugMode":false},"type":"select","value":"{{variables.zhen}}","variableName":"","waitForSelector":false,"waitSelectorTimeout":5000},"id":"960yj59","initialized":false,"label":"forms","position":{"x":2661.2718115801426,"y":244.74610076516663},"type":"BlockBasic"},{"data":{"assignVariable":false,"clearValue":true,"dataColumn":"","delay":0,"description":"村","disableBlock":false,"events":[],"findBy":"cssSelector","getValue":false,"markEl":false,"multiple":false,"onError":{"dataToInsert":[],"enable":false,"insertData":false,"retry":false,"retryInterval":0.1,"retryTimes":100,"toDo":"error"},"optionPosition":"28","saveData":false,"selectOptionBy":"custom-position","selected":true,"selector":".RuoYi_iframe:nth-child(3) |> select#hrstreet","settings":{"blockTimeout":0,"debugMode":false},"type":"select","value":"{{variables.cun}}","variableName":"","waitForSelector":false,"waitSelectorTimeout":5000},"id":"lpch92h","initialized":false,"label":"forms","position":{"x":2050.762302710965,"y":-849.2463731343555},"type":"BlockBasic"},{"data":{"disableBlock":false,"time":"600"},"id":"c7blbln","initialized":false,"label":"delay","position":{"x":1990.580982109168,"y":-545.1016335520677},"type":"BlockDelay"},{"data":{"assignVariable":false,"clearValue":true,"dataColumn":"","delay":0,"description":"文化程度","disableBlock":false,"events":[],"findBy":"cssSelector","getValue":false,"markEl":false,"multiple":false,"onError":{"dataToInsert":[],"enable":false,"insertData":false,"retry":false,"retryInterval":0.1,"retryTimes":100,"toDo":"error"},"optionPosition":"28","saveData":false,"selectOptionBy":"custom-position","selected":true,"selector":".RuoYi_iframe:nth-child(3) |> textarea#text_hrhouseNumber","settings":{"blockTimeout":0,"debugMode":false},"type":"text-field","value":"1","variableName":"","waitForSelector":false,"waitSelectorTimeout":5000},"id":"r7w78mx","initialized":false,"label":"forms","position":{"x":2543.283841967032,"y":-469.95452332892614},"type":"BlockBasic"},{"data":{"description":"城乡","disableBlock":false,"findBy":"cssSelector","markEl":false,"multiple":false,"onError":{"dataToInsert":[],"enable":true,"insertData":false,"retry":false,"retryInterval":1,"retryTimes":10,"toDo":"continue"},"selector":".RuoYi_iframe:nth-child(3) |> .lose:nth-child(2) > .checkboxGroup","settings":{"blockTimeout":0,"debugMode":false},"waitForSelector":false,"waitSelectorTimeout":6000},"id":"xjmth0j","initialized":false,"label":"event-click","position":{"x":2212.120391189545,"y":-110.44608637653268},"type":"BlockBasic"},{"data":{"conditions":[{"conditions":[{"conditions":[{"id":"duViMBVPDVsbO487m0U3_","items":[{"category":"value","data":{"value":"{{variables.status}}"},"id":"heAPB9Vr_Uyqg--Wr4Dot","type":"value"},{"category":"compare","id":"p_ROmM3amasOQ7nimi0WL","type":"eq"},{"category":"value","data":{"value":"0"},"id":"g7_3iK3BC4qiaYE41M4Ug","type":"value"}]}],"id":"mP68e1kJh-K9rZprFJ4sl"}],"id":"vB_oRhUXH_YmVnD6B-XvB","name":"Path 1"}],"description":"","disableBlock":false,"retryConditions":false,"retryCount":10,"retryTimeout":1000,"settings":{"blockTimeout":0,"debugMode":false}},"id":"1kia4cl","initialized":false,"label":"conditions","position":{"x":1098.1602663494982,"y":-977.1995080302246},"type":"BlockConditions"},{"data":{"assignVariable":false,"clearValue":true,"dataColumn":"","delay":0,"description":"姓名存在","disableBlock":false,"events":[],"findBy":"cssSelector","getValue":false,"markEl":false,"multiple":false,"onError":{"dataToInsert":[],"enable":true,"insertData":false,"retry":false,"retryInterval":2,"retryTimes":1,"toDo":"error"},"optionPosition":"1","saveData":false,"selectOptionBy":"value","selected":true,"selector":"cuowuasdaadaaa","settings":{"blockTimeout":0,"debugMode":false},"type":"text-field","value":"{{variables.status}}","variableName":"","waitForSelector":false,"waitSelectorTimeout":5000},"id":"muly5rm","initialized":false,"label":"forms","position":{"x":1926.9472258296084,"y":-441.9516661568424},"type":"BlockBasic"},{"data":{"description":"基本信息","disableBlock":false,"findBy":"cssSelector","markEl":false,"multiple":false,"onError":{"dataToInsert":[],"enable":true,"insertData":false,"retry":true,"retryInterval":1,"retryTimes":16,"toDo":"continue"},"selector":".RuoYi_iframe:nth-child(3) |> li#basic_info_li","settings":{"blockTimeout":0,"debugMode":false},"waitForSelector":false,"waitSelectorTimeout":5000},"id":"qjfesin","initialized":false,"label":"event-click","position":{"x":2814.6149570779644,"y":44.576480798709355},"type":"BlockBasic"},{"data":{"assignVariable":false,"clearValue":true,"dataColumn":"","delay":0,"description":"基本信息存在","disableBlock":false,"events":[],"findBy":"cssSelector","getValue":true,"markEl":false,"multiple":false,"onError":{"dataToInsert":[],"enable":true,"insertData":false,"retry":true,"retryInterval":0.1,"retryTimes":100,"toDo":"error"},"optionPosition":"1","saveData":false,"selectOptionBy":"value","selected":true,"selector":".RuoYi_iframe:nth-child(3) |> li#basic_info_li","settings":{"blockTimeout":0,"debugMode":false},"type":"text-field","value":"15036622384","variableName":"","waitForSelector":false,"waitSelectorTimeout":5000},"id":"urrawge","initialized":false,"label":"forms","position":{"x":1923.592794103772,"y":420.991364660052},"type":"BlockBasic"},{"data":{"assignVariable":false,"clearValue":true,"dataColumn":"","delay":0,"description":"","disableBlock":false,"events":[],"findBy":"cssSelector","getValue":true,"markEl":false,"multiple":false,"onError":{"dataToInsert":[],"enable":true,"insertData":false,"retry":true,"retryInterval":0.1,"retryTimes":50,"toDo":"fallback"},"optionPosition":"1","saveData":false,"selectOptionBy":"value","selected":true,"selector":".RuoYi_iframe:nth-child(3) |> .posttable > * > *:nth-child(2) > *:nth-child(4) > *","settings":{"blockTimeout":0,"debugMode":false},"type":"text-field","value":"15036622384","variableName":"","waitForSelector":false,"waitSelectorTimeout":5000},"id":"c5xt30o","initialized":false,"label":"forms","position":{"x":2761.772684830936,"y":108.3680108219651},"type":"BlockBasic"},{"data":{"code":"automaSetVariable('chufang', Math.floor(Math.random() * 3) + 1);\n\nautomaSetVariable('ranliao', Math.floor(Math.random() * 5) + 1);\n\nautomaSetVariable('shui', Math.floor(Math.random() * 2) + 1);\n\nautomaSetVariable('cesuo', Math.floor(Math.random() * 3) + 1);","context":"website","description":"","disableBlock":false,"everyNewTab":false,"preloadScripts":[],"runBeforeLoad":false,"timeout":20000},"id":"ln3by6i","initialized":false,"label":"javascript-code","position":{"x":2838.571147568976,"y":352.12776374077464},"type":"BlockBasic"},{"data":{"conditions":[{"conditions":[{"conditions":[{"id":"RAyw0TZK-gBxEObhOPVFG","items":[{"category":"value","data":{"value":"{{variables.cesuo}}"},"id":"6OFq8TuAorQt2w3rXevpF","type":"value"},{"category":"compare","id":"rbthTZ8Dp6tTjjuFEy7UW","type":"eq"},{"category":"value","data":{"value":"3"},"id":"RXhJ75s-PvFJL7viWdGNc","type":"value"}]}],"id":"fPfDpu4ljO894m4CBujIg"}],"id":"e2L7coxgXJZwePZRhPA0T","name":"Path 1"}],"description":"","disableBlock":false,"retryConditions":false,"retryCount":10,"retryTimeout":1000},"id":"bnh6egh","initialized":false,"label":"conditions","position":{"x":2620.3514490944776,"y":-651.0373937865058},"type":"BlockConditions"},{"data":{"description":"卫生厕所","disableBlock":false,"findBy":"cssSelector","markEl":false,"multiple":false,"onError":{"dataToInsert":[],"enable":true,"insertData":false,"retry":false,"retryInterval":1,"retryTimes":10,"toDo":"continue"},"selector":"iframe:nth-child(3) |> tbody:nth-child(1) > tr:nth-child(4) > td > label:nth-child(3) > input","settings":{"blockTimeout":0,"debugMode":false},"waitForSelector":false,"waitSelectorTimeout":6000},"id":"qcyy98m","initialized":false,"label":"event-click","position":{"x":2013.7644509263441,"y":123.86833187796425},"type":"BlockBasic"},{"data":{"description":"水","disableBlock":false,"findBy":"cssSelector","markEl":false,"multiple":false,"onError":{"dataToInsert":[],"enable":true,"insertData":false,"retry":false,"retryInterval":1,"retryTimes":10,"toDo":"continue"},"selector":"iframe:nth-child(3) |> fieldset:nth-child(2) tr:nth-child(3) label:nth-child({{variables.shui}}) > input","settings":{"blockTimeout":0,"debugMode":false},"waitForSelector":false,"waitSelectorTimeout":6000},"id":"nhtymqb","initialized":false,"label":"event-click","position":{"x":2267.156137440742,"y":-410.69280336669283},"type":"BlockBasic"},{"data":{"disableBlock":false,"time":"600"},"id":"aqncna7","initialized":false,"label":"delay","position":{"x":2076.9552197604116,"y":-960.9478422073564},"type":"BlockDelay"},{"data":{"disableBlock":false,"time":"600"},"id":"lgpqx0n","initialized":false,"label":"delay","position":{"x":2279.502289174995,"y":336.93576552584557},"type":"BlockDelay"},{"data":{"description":"保存","disableBlock":false,"findBy":"cssSelector","markEl":false,"multiple":false,"onError":{"dataToInsert":[],"enable":true,"insertData":false,"retry":false,"retryInterval":1,"retryTimes":10,"toDo":"error"},"selector":".RuoYi_iframe:nth-child(3) |> .pop_No:nth-child(8) > #button_save > .layui-btn","settings":{"blockTimeout":2000,"debugMode":false},"waitForSelector":false,"waitSelectorTimeout":5000},"id":"b7yblpw","initialized":false,"label":"event-click","position":{"x":2807.1739957415284,"y":282.2559613629111},"type":"BlockBasic"},{"data":{"disableBlock":false,"time":"3000"},"id":"baklkrn","initialized":false,"label":"delay","position":{"x":2232.965694746996,"y":603.537254143308},"type":"BlockDelay"},{"data":{"description":"保存确定","disableBlock":false,"findBy":"cssSelector","markEl":false,"multiple":false,"onError":{"dataToInsert":[],"enable":true,"insertData":false,"retry":true,"retryInterval":0.1,"retryTimes":30,"toDo":"continue"},"selector":".RuoYi_iframe:nth-child(3) |> a.layui-layer-btn0","settings":{"blockTimeout":0,"debugMode":false},"waitForSelector":false,"waitSelectorTimeout":5000},"id":"2ec25l9","initialized":false,"label":"event-click","position":{"x":2567.1177037868842,"y":586.4447630391635},"type":"BlockBasic"},{"data":{"disableBlock":false,"time":"3000"},"id":"9pepq0q","initialized":false,"label":"delay","position":{"x":2196.7349186512283,"y":-621.0141137204569},"type":"BlockDelay"},{"data":{"disableBlock":false,"time":"300"},"id":"t8s3bfs","initialized":false,"label":"delay","position":{"x":310.19211085646384,"y":-949.8644628909643},"type":"BlockDelay"}],"position":[276.01384641605176,1141.689831010005],"viewport":{"x":276.01384641605176,"y":1141.689831010005,"zoom":0.8705505632961242},"zoom":0.8705505632961242},"description":"","icon":"mdiPackageVariantClosed","id":"6Q_rkiSBiYjLgptXPU90s","inputs":[{"blockId":"t8s3bfs","handleId":"t8s3bfs-input-1","id":"sllktfe","name":""}],"isExternal":true,"name":"unnamed","outputs":[],"settings":{"asBlock":true}},"label":"block-package"}],"edges":[{"id":"vueflow__edge-YIqg8ShtqBDfFT4jsj5D1YIqg8ShtqBDfFT4jsj5D1-output-1-a88e1q5a88e1q5-input-1","type":"custom","source":"YIqg8ShtqBDfFT4jsj5D1","target":"a88e1q5","sourceHandle":"YIqg8ShtqBDfFT4jsj5D1-output-1","targetHandle":"a88e1q5-input-1","updatable":true,"selectable":true,"data":{},"label":"","markerEnd":"arrowclosed","sourceX":-1158.4574888475618,"sourceY":-813.7351527036384,"targetX":-1044.8805078799173,"targetY":-815.8476035784947},{"id":"vueflow__edge-a88e1q5a88e1q5-output-1-ysp49btysp49bt-input-1","type":"custom","source":"a88e1q5","target":"ysp49bt","sourceHandle":"a88e1q5-output-1","targetHandle":"ysp49bt-input-1","updatable":true,"selectable":true,"data":{},"label":"","markerEnd":"arrowclosed","sourceX":-804.8804417584979,"sourceY":-815.8476035784947,"targetX":-969.512423525055,"targetY":-1171.0276566620348},{"id":"vueflow__edge-ysp49btysp49bt-output-1-2lx76gm2lx76gm-input-sllktfe","type":"custom","source":"ysp49bt","target":"2lx76gm","sourceHandle":"ysp49bt-output-1","targetHandle":"2lx76gm-input-sllktfe","updatable":true,"selectable":true,"data":{},"label":"","markerEnd":"arrowclosed","sourceX":-729.5124845602113,"sourceY":-1171.0276566620348,"targetX":-387.0218429160558,"targetY":-849.1065802875831}],"position":[616.6161666878236,575.287637361449],"zoom":0.3,"viewport":{"x":616.6161666878236,"y":575.287637361449,"zoom":0.3}},"settings":{"publicId":"","blockDelay":0,"saveLog":true,"debugMode":false,"restartTimes":3,"notification":false,"execContext":"popup","reuseLastState":false,"inputAutocomplete":true,"onError":"stop-workflow","executedBlockOnWeb":false,"insertDefaultColumn":false,"defaultColumnName":"column","tabLoadTimeout":30000},"globalData":"{\n\t\"key\": \"value\"\n}","description":"","includedWorkflows":{}}