{"extVersion":"1.29.9","name":"中医体质辨识--儿童","icon":"riGlobalLine","table":[{"id":"z_rvI","name":"sf","type":"string"}],"version":"1.29.9","drawflow":{"nodes":[{"id":"Jr-2X6_Qsbq66UdGwSaxV","type":"BlockBasic","initialized":false,"position":{"x":-2226.448373670941,"y":-303.35419739915426},"data":{"url":"","date":"","days":[],"time":"00:00","type":"manual","delay":5,"interval":60,"shortcut":"","isUrlRegex":false,"parameters":[],"description":"","contextTypes":[],"disableBlock":false,"activeInInput":false,"observeElement":{"selector":"","baseSelector":"","matchPattern":"","baseElOptions":{"subtree":false,"childList":true,"attributes":false,"characterData":false,"attributeFilter":[]},"targetOptions":{"subtree":false,"childList":true,"attributes":false,"characterData":false,"attributeFilter":[]}},"contextMenuName":"","preferParamsInTab":false},"label":"trigger"},{"id":"cd08uxt","type":"BlockBasic","initialized":false,"position":{"x":-1752.037301717494,"y":-411.2092395960713},"data":{"url":"http://172.30.0.253/phis/index","active":true,"inGroup":false,"tabZoom":1,"userAgent":"","description":"","disableBlock":false,"updatePrevTab":false,"waitTabLoaded":false,"customUserAgent":false},"label":"new-tab"},{"id":"7grlaux","type":"BlockBasic","initialized":false,"position":{"x":-1279.2184134102597,"y":-585.2828715713259},"data":{"disableBlock":false},"label":"active-tab"},{"id":"7pbddth","type":"BlockPackage","initialized":false,"position":{"x":-479.7769287165379,"y":-788.951377200079},"data":{"author":"supra_lucky","content":null,"createdAt":1744113170561,"data":{"edges":[{"data":{},"id":"vueflow__edge-pv4h1ktpv4h1kt-output-1-8tbcg9o8tbcg9o-input-1","label":"","markerEnd":"arrowclosed","selectable":true,"source":"pv4h1kt","sourceHandle":"pv4h1kt-output-1","sourceX":1408.5391687535312,"sourceY":583.3826410128379,"target":"8tbcg9o","targetHandle":"8tbcg9o-input-1","targetX":502.79193144687224,"targetY":728.2974512307181,"type":"custom","updatable":true},{"data":{},"id":"vueflow__edge-2vo2kow2vo2kow-output-1-7urqq0t7urqq0t-input-1","label":"","markerEnd":"arrowclosed","selectable":true,"source":"2vo2kow","sourceHandle":"2vo2kow-output-1","sourceX":1671.8752303573892,"sourceY":358.05759715378804,"target":"7urqq0t","targetHandle":"7urqq0t-input-1","targetX":1711.4741952478514,"targetY":383.46979830401006,"type":"custom","updatable":true},{"data":{},"id":"vueflow__edge-7urqq0t7urqq0t-output-1-6v3f6626v3f662-input-1","label":"","markerEnd":"arrowclosed","selectable":true,"source":"7urqq0t","sourceHandle":"7urqq0t-output-1","sourceX":1951.4741952478514,"sourceY":383.46979830401006,"target":"6v3f662","targetHandle":"6v3f662-input-1","targetX":-326.3051894753098,"targetY":534.6301373649405,"type":"custom","updatable":true},{"data":{},"id":"vueflow__edge-m4h1hdgm4h1hdg-output-1-ig03ljtig03ljt-input-1","label":"","markerEnd":"arrowclosed","selectable":true,"source":"m4h1hdg","sourceHandle":"m4h1hdg-output-1","sourceX":1555.4548706683636,"sourceY":599.9147371326485,"target":"ig03ljt","targetHandle":"ig03ljt-input-1","targetX":1038.6626036973767,"targetY":472.51369579405514,"type":"custom","updatable":true},{"data":{},"id":"vueflow__edge-ig03ljtig03ljt-output-1-rxrvsverxrvsve-input-1","label":"","markerEnd":"arrowclosed","selectable":true,"source":"ig03ljt","sourceHandle":"ig03ljt-output-1","sourceX":1278.6626036973767,"sourceY":472.51369579405514,"target":"rxrvsve","targetHandle":"rxrvsve-input-1","targetX":1032.6837770358661,"targetY":310.34625705915323,"type":"custom","updatable":true},{"data":{},"id":"vueflow__edge-rxrvsverxrvsve-output-1-c53b9dnc53b9dn-input-1","label":"","markerEnd":"arrowclosed","selectable":true,"source":"rxrvsve","sourceHandle":"rxrvsve-output-1","sourceX":1272.6837770358661,"sourceY":310.34625705915323,"target":"c53b9dn","targetHandle":"c53b9dn-input-1","targetX":1839.0037777224022,"targetY":1101.222494062079,"type":"custom","updatable":true},{"data":{},"id":"vueflow__edge-q8m38duq8m38du-output-1-arj65bearj65be-input-1","label":"","markerEnd":"arrowclosed","selectable":true,"source":"q8m38du","sourceHandle":"q8m38du-output-1","sourceX":1985.287234680596,"sourceY":634.1401353419583,"target":"arj65be","targetHandle":"arj65be-input-1","targetX":1104.5583803547509,"targetY":20.456806051722353,"type":"custom","updatable":true},{"data":{},"id":"vueflow__edge-8esq7g88esq7g8-output-1-cfqnooccfqnooc-input-1","label":"","markerEnd":"arrowclosed","selectable":true,"source":"8esq7g8","sourceHandle":"8esq7g8-output-1","sourceX":2040.5175950059902,"sourceY":620.7717002089014,"target":"cfqnooc","targetHandle":"cfqnooc-input-1","targetX":1818.966603367745,"targetY":435.00417474676686,"type":"custom","updatable":true},{"data":{},"id":"vueflow__edge-kflpcwxkflpcwx-output-1-db6rjuydb6rjuy-input-1","label":"","markerEnd":"arrowclosed","selectable":true,"source":"kflpcwx","sourceHandle":"kflpcwx-output-1","sourceX":1580.124388424944,"sourceY":774.4841066015584,"target":"db6rjuy","targetHandle":"db6rjuy-input-1","targetX":2010.634250786418,"targetY":1085.5148785810577,"type":"custom","updatable":true},{"data":{},"id":"vueflow__edge-c53b9dnc53b9dn-output-1-6vk4gv86vk4gv8-input-1","label":"","markerEnd":"arrowclosed","selectable":true,"source":"c53b9dn","sourceHandle":"c53b9dn-output-1","sourceX":2079.0037777224024,"sourceY":1101.222494062079,"target":"6vk4gv8","targetHandle":"6vk4gv8-input-1","targetX":1842.836650708597,"targetY":975.3766370858309,"type":"custom","updatable":true},{"data":{},"id":"vueflow__edge-wugozgswugozgs-output-1-1wp0bo71wp0bo7-input-1","label":"","markerEnd":"arrowclosed","selectable":true,"source":"wugozgs","sourceHandle":"wugozgs-output-1","sourceX":639.4465661216782,"sourceY":578.1006887728229,"target":"1wp0bo7","targetHandle":"1wp0bo7-input-1","targetX":797.1788867914638,"targetY":569.2884101883137,"type":"custom","updatable":true},{"data":{},"id":"vueflow__edge-1wp0bo71wp0bo7-output-1-pv4h1ktpv4h1kt-input-1","label":"","markerEnd":"arrowclosed","selectable":true,"source":"1wp0bo7","sourceHandle":"1wp0bo7-output-1","sourceX":1037.1788867914638,"sourceY":569.2884101883137,"target":"pv4h1kt","targetHandle":"pv4h1kt-input-1","targetX":1168.5391687535312,"targetY":583.3826410128379,"type":"custom","updatable":true},{"data":{},"id":"vueflow__edge-cfqnooccfqnooc-output-1-j8jwc7zj8jwc7z-input-1","label":"","markerEnd":"arrowclosed","selectable":true,"source":"cfqnooc","sourceHandle":"cfqnooc-output-1","sourceX":2058.966603367745,"sourceY":435.00417474676686,"target":"j8jwc7z","targetHandle":"j8jwc7z-input-1","targetX":2215.285081872678,"targetY":256.1075955926194,"type":"custom","updatable":true},{"data":{},"id":"vueflow__edge-cfqnooccfqnooc-output-fallback-j8jwc7zj8jwc7z-input-1","label":"","markerEnd":"arrowclosed","selectable":true,"source":"cfqnooc","sourceHandle":"cfqnooc-output-fallback","sourceX":2058.966603367745,"sourceY":457.00417474676686,"target":"j8jwc7z","targetHandle":"j8jwc7z-input-1","targetX":2215.285081872678,"targetY":256.1075955926194,"type":"custom","updatable":true},{"data":{},"id":"vueflow__edge-lfbnvpvlfbnvpv-output-1-7200l5y7200l5y-input-1","label":"","markerEnd":"arrowclosed","selectable":true,"source":"lfbnvpv","sourceHandle":"lfbnvpv-output-1","sourceX":-391.07258166376164,"sourceY":-29.370405922108617,"target":"7200l5y","targetHandle":"7200l5y-input-1","targetX":68.18494850097306,"targetY":93.03533248456631,"type":"custom","updatable":true},{"data":{},"id":"vueflow__edge-7200l5y7200l5y-output-1-2vo2kow2vo2kow-input-1","label":"","markerEnd":"arrowclosed","selectable":true,"source":"7200l5y","sourceHandle":"7200l5y-output-1","sourceX":308.18494850097306,"sourceY":93.03533248456631,"target":"2vo2kow","targetHandle":"2vo2kow-input-1","targetX":1431.8752303573892,"targetY":358.05759715378804,"type":"custom","updatable":true},{"data":{},"id":"vueflow__edge-6v3f6626v3f662-output-1-g2qnm1ug2qnm1u-input-1","label":"","markerEnd":"arrowclosed","selectable":true,"source":"6v3f662","sourceHandle":"6v3f662-output-1","sourceX":-86.30517421652075,"sourceY":534.6301373649405,"target":"g2qnm1u","targetHandle":"g2qnm1u-input-1","targetX":-316.6370841083108,"targetY":717.6258586935453,"type":"custom","updatable":true},{"data":{},"id":"vueflow__edge-g2qnm1ug2qnm1u-output-1-ax5srmzax5srmz-input-1","label":"","markerEnd":"arrowclosed","selectable":true,"source":"g2qnm1u","sourceHandle":"g2qnm1u-output-1","sourceX":-76.63708410831077,"sourceY":717.6258586935453,"target":"ax5srmz","targetHandle":"ax5srmz-input-1","targetX":62.665808185197875,"targetY":600.9533621981996,"type":"custom","updatable":true},{"data":{},"id":"vueflow__edge-ax5srmzax5srmz-output-1-wugozgswugozgs-input-1","label":"","markerEnd":"arrowclosed","selectable":true,"source":"ax5srmz","sourceHandle":"ax5srmz-output-1","sourceX":302.6658692203541,"sourceY":600.9533621981996,"target":"wugozgs","targetHandle":"wugozgs-input-1","targetX":399.4465661216782,"targetY":578.1006887728229,"type":"custom","updatable":true},{"data":{},"id":"vueflow__edge-8tbcg9o8tbcg9o-output-1-n0gipzpn0gipzp-input-1","label":"","markerEnd":"arrowclosed","selectable":true,"source":"8tbcg9o","sourceHandle":"8tbcg9o-output-1","sourceX":742.7919314468722,"sourceY":728.2974512307181,"target":"n0gipzp","targetHandle":"n0gipzp-input-1","targetX":1358.6449564556574,"targetY":771.2252490467504,"type":"custom","updatable":true},{"data":{},"id":"vueflow__edge-n0gipzpn0gipzp-output-1-pumb71wpumb71w-input-1","label":"","markerEnd":"arrowclosed","selectable":true,"source":"n0gipzp","sourceHandle":"n0gipzp-output-1","sourceX":1598.6449564556574,"sourceY":771.2252490467504,"target":"pumb71w","targetHandle":"pumb71w-input-1","targetX":945.2679176297543,"targetY":888.1231584267819,"type":"custom","updatable":true},{"data":{},"id":"vueflow__edge-pumb71wpumb71w-output-1-arcyr0warcyr0w-input-1","label":"","markerEnd":"arrowclosed","selectable":true,"source":"pumb71w","sourceHandle":"pumb71w-output-1","sourceX":1185.2679176297543,"sourceY":888.1231584267819,"target":"arcyr0w","targetHandle":"arcyr0w-input-1","targetX":773.263337762518,"targetY":1126.0539688464055,"type":"custom","updatable":true},{"data":{},"id":"vueflow__edge-arcyr0warcyr0w-output-rSoVWqVfXdThvem6VOvGk-arfm6wnarfm6wn-input-1","label":"","markerEnd":"arrowclosed","selectable":true,"source":"arcyr0w","sourceHandle":"arcyr0w-output-rSoVWqVfXdThvem6VOvGk","sourceX":1078.263337762518,"sourceY":1112.4809707995305,"target":"arfm6wn","targetHandle":"arfm6wn-input-1","targetX":1232.3727721898272,"targetY":1114.5734164932678,"type":"custom","updatable":true},{"data":{},"id":"vueflow__edge-arcyr0warcyr0w-output-2erGerxgp6IKNBROEhnXi-n0gipzpn0gipzp-input-1","label":"","markerEnd":"arrowclosed","selectable":true,"source":"arcyr0w","sourceHandle":"arcyr0w-output-2erGerxgp6IKNBROEhnXi","sourceX":1078.263337762518,"sourceY":1160.4809707995305,"target":"n0gipzp","targetHandle":"n0gipzp-input-1","targetX":1358.6449564556574,"targetY":771.2252490467504,"type":"custom","updatable":true},{"data":{},"id":"vueflow__edge-n0gipzpn0gipzp-output-fallback-q8m38duq8m38du-input-1","label":"","markerEnd":"arrowclosed","selectable":true,"source":"n0gipzp","sourceHandle":"n0gipzp-output-fallback","sourceX":1598.6449564556574,"sourceY":793.2252490467504,"target":"q8m38du","targetHandle":"q8m38du-input-1","targetX":1745.287234680596,"targetY":634.1401353419583,"type":"custom","updatable":true},{"data":{},"id":"vueflow__edge-arfm6wnarfm6wn-output-1-otjmybkotjmybk-input-1","label":"","markerEnd":"arrowclosed","selectable":true,"source":"arfm6wn","sourceHandle":"arfm6wn-output-1","sourceX":1472.3727721898272,"sourceY":1114.5734164932678,"target":"otjmybk","targetHandle":"otjmybk-input-1","targetX":1326.5063104322558,"targetY":786.9914572669193,"type":"custom","updatable":true},{"data":{},"id":"vueflow__edge-otjmybkotjmybk-output-1-n0gipzpn0gipzp-input-1","label":"","markerEnd":"arrowclosed","selectable":true,"source":"otjmybk","sourceHandle":"otjmybk-output-1","sourceX":1566.5063104322558,"sourceY":786.9914572669193,"target":"n0gipzp","targetHandle":"n0gipzp-input-1","targetX":1358.6449564556574,"targetY":771.2252490467504,"type":"custom","updatable":true},{"data":{},"id":"vueflow__edge-arj65bearj65be-output-1-0hm3gjl0hm3gjl-input-1","label":"","markerEnd":"arrowclosed","selectable":true,"source":"arj65be","sourceHandle":"arj65be-output-1","sourceX":1344.5583803547509,"sourceY":20.456806051722353,"target":"0hm3gjl","targetHandle":"0hm3gjl-input-1","targetX":2179.8091894919044,"targetY":431.6203116089723,"type":"custom","updatable":true},{"data":{},"id":"vueflow__edge-0hm3gjl0hm3gjl-output-1-t0nqftkt0nqftk-input-1","label":"","markerEnd":"arrowclosed","selectable":true,"source":"0hm3gjl","sourceHandle":"0hm3gjl-output-1","sourceX":2419.8091894919044,"sourceY":431.6203116089723,"target":"t0nqftk","targetHandle":"t0nqftk-input-1","targetX":1478.6954061576944,"targetY":256.63466232617816,"type":"custom","updatable":true},{"data":{},"id":"vueflow__edge-vz475hqvz475hq-output-1-kflpcwxkflpcwx-input-1","label":"","markerEnd":"arrowclosed","selectable":true,"source":"vz475hq","sourceHandle":"vz475hq-output-1","sourceX":2294.783997319121,"sourceY":894.3249001042885,"target":"kflpcwx","targetHandle":"kflpcwx-input-1","targetX":1340.124388424944,"targetY":774.4841066015584,"type":"custom","updatable":true},{"data":{},"id":"vueflow__edge-nbz5hx3nbz5hx3-output-1-nyqmkbtnyqmkbt-input-1","label":"","markerEnd":"arrowclosed","selectable":true,"source":"nbz5hx3","sourceHandle":"nbz5hx3-output-1","sourceX":423.18765936594764,"sourceY":771.6185423027896,"target":"nyqmkbt","targetHandle":"nyqmkbt-input-1","targetX":-553.420322896211,"targetY":860.6020537128688,"type":"custom","updatable":true},{"data":{},"id":"vueflow__edge-nyqmkbtnyqmkbt-output-rSoVWqVfXdThvem6VOvGk-6l3nbff6l3nbff-input-1","label":"","markerEnd":"arrowclosed","selectable":true,"source":"nyqmkbt","sourceHandle":"nyqmkbt-output-rSoVWqVfXdThvem6VOvGk","sourceX":-248.42030763742196,"sourceY":751.0291777363063,"target":"6l3nbff","targetHandle":"6l3nbff-input-1","targetX":974.3727060563028,"targetY":722.6929601583474,"type":"custom","updatable":true},{"data":{},"id":"vueflow__edge-nyqmkbtnyqmkbt-output-2erGerxgp6IKNBROEhnXi-lv9kuhnlv9kuhn-input-1","label":"","markerEnd":"arrowclosed","selectable":true,"source":"nyqmkbt","sourceHandle":"nyqmkbt-output-2erGerxgp6IKNBROEhnXi","sourceX":-248.42030763742196,"sourceY":799.0291777363063,"target":"lv9kuhn","targetHandle":"lv9kuhn-input-1","targetX":994.6451404191325,"targetY":820.4753147749559,"type":"custom","updatable":true},{"data":{},"id":"vueflow__edge-nyqmkbtnyqmkbt-output-3ObTRn7cTO45mGRluBk4m-ikscavaikscava-input-1","label":"","markerEnd":"arrowclosed","selectable":true,"source":"nyqmkbt","sourceHandle":"nyqmkbt-output-3ObTRn7cTO45mGRluBk4m","sourceX":-248.42030763742196,"sourceY":847.0291777363063,"target":"ikscava","targetHandle":"ikscava-input-1","targetX":985.2966613172766,"targetY":915.9444444945152,"type":"custom","updatable":true},{"data":{},"id":"vueflow__edge-nyqmkbtnyqmkbt-output-ww7gihT8ymEreyGSt_q7k-y8fhrupy8fhrup-input-1","label":"","markerEnd":"arrowclosed","selectable":true,"source":"nyqmkbt","sourceHandle":"nyqmkbt-output-ww7gihT8ymEreyGSt_q7k","sourceX":-248.42030763742196,"sourceY":895.0291777363063,"target":"y8fhrup","targetHandle":"y8fhrup-input-1","targetX":989.4721009144187,"targetY":1023.1140608211558,"type":"custom","updatable":true},{"data":{},"id":"vueflow__edge-nyqmkbtnyqmkbt-output-jw9xbDrXFdY0o7_QeYHRj-kyjnozzkyjnozz-input-1","label":"","markerEnd":"arrowclosed","selectable":true,"source":"nyqmkbt","sourceHandle":"nyqmkbt-output-jw9xbDrXFdY0o7_QeYHRj","sourceX":-248.42030763742196,"sourceY":943.0291777363063,"target":"kyjnozz","targetHandle":"kyjnozz-input-1","targetX":-72.46941921986763,"targetY":930.248585425896,"type":"custom","updatable":true},{"data":{},"id":"vueflow__edge-nyqmkbtnyqmkbt-output-9TMWsAYyiRniDwfcpqYxY-xc1u5gfxc1u5gf-input-1","label":"","markerEnd":"arrowclosed","selectable":true,"source":"nyqmkbt","sourceHandle":"nyqmkbt-output-9TMWsAYyiRniDwfcpqYxY","sourceX":-248.42030763742196,"sourceY":991.0291777363063,"target":"xc1u5gf","targetHandle":"xc1u5gf-input-1","targetX":-68.2939796227256,"targetY":1044.377267747773,"type":"custom","updatable":true},{"data":{},"id":"vueflow__edge-6l3nbff6l3nbff-output-1-y4z641qy4z641q-input-1","label":"","markerEnd":"arrowclosed","selectable":true,"source":"6l3nbff","sourceHandle":"6l3nbff-output-1","sourceX":1214.3727060563028,"sourceY":722.6929601583474,"target":"y4z641q","targetHandle":"y4z641q-input-1","targetX":304.4500619857481,"targetY":880.5194931271578,"type":"custom","updatable":true},{"data":{},"id":"vueflow__edge-lv9kuhnlv9kuhn-output-1-y4z641qy4z641q-input-1","label":"","markerEnd":"arrowclosed","selectable":true,"source":"lv9kuhn","sourceHandle":"lv9kuhn-output-1","sourceX":1234.6451404191325,"sourceY":820.4753147749559,"target":"y4z641q","targetHandle":"y4z641q-input-1","targetX":304.4500619857481,"targetY":880.5194931271578,"type":"custom","updatable":true},{"data":{},"id":"vueflow__edge-y8fhrupy8fhrup-output-1-y4z641qy4z641q-input-1","label":"","markerEnd":"arrowclosed","selectable":true,"source":"y8fhrup","sourceHandle":"y8fhrup-output-1","sourceX":1229.4721009144187,"sourceY":1023.1140608211558,"target":"y4z641q","targetHandle":"y4z641q-input-1","targetX":304.4500619857481,"targetY":880.5194931271578,"type":"custom","updatable":true},{"data":{},"id":"vueflow__edge-ikscavaikscava-output-1-y4z641qy4z641q-input-1","label":"","markerEnd":"arrowclosed","selectable":true,"source":"ikscava","sourceHandle":"ikscava-output-1","sourceX":1225.2966613172766,"sourceY":915.9444444945152,"target":"y4z641q","targetHandle":"y4z641q-input-1","targetX":304.4500619857481,"targetY":880.5194931271578,"type":"custom","updatable":true},{"data":{},"id":"vueflow__edge-kyjnozzkyjnozz-output-1-y4z641qy4z641q-input-1","label":"","markerEnd":"arrowclosed","selectable":true,"source":"kyjnozz","sourceHandle":"kyjnozz-output-1","sourceX":167.5306112977105,"sourceY":930.248585425896,"target":"y4z641q","targetHandle":"y4z641q-input-1","targetX":304.4500619857481,"targetY":880.5194931271578,"type":"custom","updatable":true},{"data":{},"id":"vueflow__edge-xc1u5gfxc1u5gf-output-1-y4z641qy4z641q-input-1","label":"","markerEnd":"arrowclosed","selectable":true,"source":"xc1u5gf","sourceHandle":"xc1u5gf-output-1","sourceX":171.70605089485252,"sourceY":1044.377267747773,"target":"y4z641q","targetHandle":"y4z641q-input-1","targetX":304.4500619857481,"targetY":880.5194931271578,"type":"custom","updatable":true},{"data":{},"id":"vueflow__edge-17vat5q17vat5q-output-fallback-3xa82xx3xa82xx-input-1","label":"","markerEnd":"arrowclosed","selectable":true,"source":"17vat5q","sourceHandle":"17vat5q-output-fallback","sourceX":2103.9349621605015,"sourceY":1280.2906973381425,"target":"3xa82xx","targetHandle":"3xa82xx-input-1","targetX":1219.2494341501251,"targetY":1109.6137525512086,"type":"custom","updatable":true},{"data":{},"id":"vueflow__edge-y4z641qy4z641q-output-1-12daqb012daqb0-input-1","label":"","markerEnd":"arrowclosed","selectable":true,"source":"y4z641q","sourceHandle":"y4z641q-output-1","sourceX":544.4500619857481,"sourceY":880.5194931271578,"target":"12daqb0","targetHandle":"12daqb0-input-1","targetX":411.8219642333288,"targetY":523.0812817636072,"type":"custom","updatable":true},{"data":{},"id":"vueflow__edge-m45sm5am45sm5a-output-1-nbz5hx3nbz5hx3-input-1","label":"","markerEnd":"arrowclosed","selectable":true,"source":"m45sm5a","sourceHandle":"m45sm5a-output-1","sourceX":554.9286039237463,"sourceY":610.8573827778582,"target":"nbz5hx3","targetHandle":"nbz5hx3-input-1","targetX":183.18765936594764,"targetY":771.6185423027896,"type":"custom","updatable":true},{"data":{},"id":"vueflow__edge-7scqnsu7scqnsu-output-1-m45sm5am45sm5a-input-1","label":"","markerEnd":"arrowclosed","selectable":true,"source":"7scqnsu","sourceHandle":"7scqnsu-output-1","sourceX":531.6751068254894,"sourceY":450.8248188747741,"target":"m45sm5a","targetHandle":"m45sm5a-input-1","targetX":314.9286039237463,"targetY":610.8573827778582,"type":"custom","updatable":true},{"data":{},"id":"vueflow__edge-17vat5q17vat5q-output-1-7scqnsu7scqnsu-input-1","label":"","markerEnd":"arrowclosed","selectable":true,"source":"17vat5q","sourceHandle":"17vat5q-output-1","sourceX":2103.9349621605015,"sourceY":1258.2906973381425,"target":"7scqnsu","targetHandle":"7scqnsu-input-1","targetX":291.67510682548937,"targetY":450.8248188747741,"type":"custom","updatable":true},{"data":{},"id":"vueflow__edge-08ydl6i08ydl6i-output-1-d0bjlvad0bjlva-input-1","label":"","markerEnd":"arrowclosed","selectable":true,"source":"08ydl6i","sourceHandle":"08ydl6i-output-1","sourceX":1444.4849173638568,"sourceY":912.2191153827596,"target":"d0bjlva","targetHandle":"d0bjlva-input-1","targetX":1494.6597749109983,"targetY":889.3364808384151,"type":"custom","updatable":true},{"data":{},"id":"vueflow__edge-d0bjlvad0bjlva-output-1-xlayfghxlayfgh-input-1","label":"","markerEnd":"arrowclosed","selectable":true,"source":"d0bjlva","sourceHandle":"d0bjlva-output-1","sourceX":1734.6597749109983,"sourceY":889.3364808384151,"target":"xlayfgh","targetHandle":"xlayfgh-input-1","targetX":1857.9201883536093,"targetY":894.1639250942087,"type":"custom","updatable":true},{"data":{},"id":"vueflow__edge-xlayfghxlayfgh-output-1-lyjupv7lyjupv7-input-1","label":"","markerEnd":"arrowclosed","selectable":true,"source":"xlayfgh","sourceHandle":"xlayfgh-output-1","sourceX":2097.9201883536093,"sourceY":894.1639250942087,"target":"lyjupv7","targetHandle":"lyjupv7-input-1","targetX":2171.210557354843,"targetY":1048.59961303482,"type":"custom","updatable":true},{"data":{},"id":"vueflow__edge-lyjupv7lyjupv7-output-1-m4h1hdgm4h1hdg-input-1","label":"","markerEnd":"arrowclosed","selectable":true,"source":"lyjupv7","sourceHandle":"lyjupv7-output-1","sourceX":2411.210557354843,"sourceY":1048.59961303482,"target":"m4h1hdg","targetHandle":"m4h1hdg-input-1","targetX":1315.4548706683636,"targetY":599.9147371326485,"type":"custom","updatable":true},{"data":{},"id":"vueflow__edge-t9qs9a1t9qs9a1-output-1-kflpcwxkflpcwx-input-1","label":"","markerEnd":"arrowclosed","selectable":true,"source":"t9qs9a1","sourceHandle":"t9qs9a1-output-1","sourceX":2557.854094903161,"sourceY":460.82982297142746,"target":"kflpcwx","targetHandle":"kflpcwx-input-1","targetX":1340.124388424944,"targetY":774.4841066015584,"type":"custom","updatable":true},{"data":{},"id":"vueflow__edge-12daqb012daqb0-output-1-25frpl925frpl9-input-1","label":"","markerEnd":"arrowclosed","selectable":true,"source":"12daqb0","sourceHandle":"12daqb0-output-1","sourceX":651.822025268485,"sourceY":523.0812817636072,"target":"25frpl9","targetHandle":"25frpl9-input-1","targetX":687.0416062791592,"targetY":494.59751288428197,"type":"custom","updatable":true},{"data":{},"id":"vueflow__edge-t0nqftkt0nqftk-output-1-vwv7iwevwv7iwe-input-1","label":"","markerEnd":"arrowclosed","selectable":true,"source":"t0nqftk","sourceHandle":"t0nqftk-output-1","sourceX":1718.6954061576944,"sourceY":256.63466232617816,"target":"vwv7iwe","targetHandle":"vwv7iwe-input-1","targetX":1348.3363598482738,"targetY":419.6177661576478,"type":"custom","updatable":true},{"data":{},"id":"vueflow__edge-vwv7iwevwv7iwe-output-1-vz475hqvz475hq-input-1","label":"","markerEnd":"arrowclosed","selectable":true,"source":"vwv7iwe","sourceHandle":"vwv7iwe-output-1","sourceX":1588.3363598482738,"sourceY":419.6177661576478,"target":"vz475hq","targetHandle":"vz475hq-input-1","targetX":2054.783997319121,"targetY":894.3249001042885,"type":"custom","updatable":true},{"data":{},"id":"vueflow__edge-db6rjuydb6rjuy-output-1-17vat5q17vat5q-input-1","label":"","markerEnd":"arrowclosed","selectable":true,"source":"db6rjuy","sourceHandle":"db6rjuy-output-1","sourceX":2250.6342507864183,"sourceY":1085.5148785810577,"target":"17vat5q","targetHandle":"17vat5q-input-1","targetX":1863.9349621605018,"targetY":1258.2906973381425,"type":"custom","updatable":true},{"data":{},"id":"vueflow__edge-j8jwc7zj8jwc7z-output-1-t9qs9a1t9qs9a1-input-1","label":"","markerEnd":"arrowclosed","selectable":true,"source":"j8jwc7z","sourceHandle":"j8jwc7z-output-1","sourceX":2455.285081872678,"sourceY":256.1075955926194,"target":"t9qs9a1","targetHandle":"t9qs9a1-input-1","targetX":2317.854094903161,"targetY":460.82982297142746,"type":"custom","updatable":true},{"data":{},"id":"vueflow__edge-im09ix4im09ix4-output-1-6o2jxzb6o2jxzb-input-1","label":"","markerEnd":"arrowclosed","selectable":true,"source":"im09ix4","sourceHandle":"im09ix4-output-1","sourceX":1145.2681994978143,"sourceY":852.2846132551924,"target":"6o2jxzb","targetHandle":"6o2jxzb-input-1","targetX":883.9977432400906,"targetY":1004.4332287233376,"type":"custom","updatable":true},{"data":{},"id":"vueflow__edge-lyjupv7lyjupv7-output-fallback-d0bjlvad0bjlva-input-1","label":"","markerEnd":"arrowclosed","selectable":true,"source":"lyjupv7","sourceHandle":"lyjupv7-output-fallback","sourceX":2411.210557354843,"sourceY":1070.59961303482,"target":"d0bjlva","targetHandle":"d0bjlva-input-1","targetX":1494.6597749109983,"targetY":889.3364808384151,"type":"custom","updatable":true},{"data":{},"id":"vueflow__edge-nyqmkbtnyqmkbt-output-fallback-xc1u5gfxc1u5gf-input-1","label":"","markerEnd":"arrowclosed","selectable":true,"source":"nyqmkbt","sourceHandle":"nyqmkbt-output-fallback","sourceX":-249.42030763742196,"sourceY":1033.0291777363063,"target":"xc1u5gf","targetHandle":"xc1u5gf-input-1","targetX":-68.2939796227256,"targetY":1044.377267747773,"type":"custom","updatable":true},{"data":{},"id":"vueflow__edge-6vk4gv86vk4gv8-output-1-evadk4cevadk4c-input-1","label":"","markerEnd":"arrowclosed","selectable":true,"source":"6vk4gv8","sourceHandle":"6vk4gv8-output-1","sourceX":2082.836650708597,"sourceY":975.3766370858309,"target":"evadk4c","targetHandle":"evadk4c-input-1","targetX":1848.3022063942276,"targetY":794.6940587500025,"type":"custom","updatable":true},{"data":{},"id":"vueflow__edge-6o2jxzb6o2jxzb-output-1-08ydl6i08ydl6i-input-1","label":"","markerEnd":"arrowclosed","selectable":true,"source":"6o2jxzb","sourceHandle":"6o2jxzb-output-1","sourceX":1123.9977432400906,"sourceY":1004.4332287233376,"target":"08ydl6i","targetHandle":"08ydl6i-input-1","targetX":1204.4849173638568,"targetY":912.2191153827596,"type":"custom","updatable":true},{"data":{},"id":"vueflow__edge-evadk4cevadk4c-output-1-8esq7g88esq7g8-input-1","label":"","markerEnd":"arrowclosed","selectable":true,"source":"evadk4c","sourceHandle":"evadk4c-output-1","sourceX":2088.3022063942276,"sourceY":794.6940587500025,"target":"8esq7g8","targetHandle":"8esq7g8-input-1","targetX":1800.5175950059902,"targetY":620.7717002089014,"type":"custom","updatable":true},{"data":{},"id":"vueflow__edge-25frpl925frpl9-output-1-juxljyejuxljye-input-1","label":"","markerEnd":"arrowclosed","selectable":true,"source":"25frpl9","sourceHandle":"25frpl9-output-1","sourceX":927.0416062791592,"sourceY":494.59751288428197,"target":"juxljye","targetHandle":"juxljye-input-1","targetX":897.8228999455819,"targetY":620.1115012148653,"type":"custom","updatable":true},{"data":{},"id":"vueflow__edge-juxljyejuxljye-output-1-xj9mx56xj9mx56-input-1","label":"","markerEnd":"arrowclosed","selectable":true,"source":"juxljye","sourceHandle":"juxljye-output-1","sourceX":1137.8228999455819,"sourceY":620.1115012148653,"target":"xj9mx56","targetHandle":"xj9mx56-input-1","targetX":645.9953489397567,"targetY":805.6699134478708,"type":"custom","updatable":true},{"data":{},"id":"vueflow__edge-xj9mx56xj9mx56-output-1-im09ix4im09ix4-input-1","label":"","markerEnd":"arrowclosed","selectable":true,"source":"xj9mx56","sourceHandle":"xj9mx56-output-1","sourceX":885.9953489397567,"sourceY":805.6699134478708,"target":"im09ix4","targetHandle":"im09ix4-input-1","targetX":905.2681994978143,"targetY":852.2846132551924,"type":"custom","updatable":true}],"nodes":[{"data":{"description":"儿童健康管理","disableBlock":false,"findBy":"cssSelector","markEl":false,"multiple":false,"onError":{"dataToInsert":[],"enable":true,"insertData":false,"retry":true,"retryInterval":1,"retryTimes":2,"toDo":"error"},"selector":".in > li:nth-child(6) > .menu-content","settings":{"blockTimeout":0,"debugMode":false},"waitForSelector":false,"waitSelectorTimeout":5000},"id":"lfbnvpv","initialized":false,"label":"event-click","position":{"x":-607.0725931078534,"y":-65.37040592210862},"type":"BlockBasic"},{"data":{"description":"儿童基本信息","disableBlock":false,"findBy":"cssSelector","markEl":false,"multiple":false,"onError":{"dataToInsert":[],"enable":true,"insertData":false,"retry":true,"retryInterval":1,"retryTimes":3,"toDo":"error"},"selector":".in:nth-child(2) > li:nth-child(1) > .menuItem","settings":{"blockTimeout":0,"debugMode":false},"waitForSelector":false,"waitSelectorTimeout":5000},"id":"2vo2kow","initialized":false,"label":"event-click","position":{"x":1455.8752303573892,"y":322.05762767136616},"type":"BlockBasic"},{"data":{"description":"高级","disableBlock":false,"findBy":"cssSelector","markEl":false,"multiple":false,"onError":{"dataToInsert":[],"enable":true,"insertData":false,"retry":true,"retryInterval":1,"retryTimes":3,"toDo":"fallback"},"selector":".RuoYi_iframe:nth-child(3) |> button.layui-btn:nth-child(2)","settings":{"blockTimeout":0,"debugMode":false},"waitForSelector":false,"waitSelectorTimeout":5000},"id":"6v3f662","initialized":false,"label":"event-click","position":{"x":-302.3051894753098,"y":486.63013736494054},"type":"BlockBasic"},{"data":{"assignVariable":false,"clearValue":true,"dataColumn":"","delay":0,"description":"出生日期（每年需要改）","disableBlock":false,"events":[],"findBy":"cssSelector","getValue":false,"markEl":false,"multiple":false,"optionPosition":"1","saveData":false,"selectOptionBy":"value","selected":true,"selector":"iframe:nth-child(3) |> tr:nth-child(3) input:nth-child(1)","type":"text-field","value":"{{variables.riqi}}","variableName":"","waitForSelector":false,"waitSelectorTimeout":5000},"id":"wugozgs","initialized":false,"label":"forms","position":{"x":423.4465661216782,"y":542.1006887728229},"type":"BlockBasic"},{"data":{"description":"查询","disableBlock":false,"findBy":"cssSelector","markEl":false,"multiple":false,"selector":"iframe:nth-child(3) |> button#btnSearch","waitForSelector":false,"waitSelectorTimeout":5000},"id":"pv4h1kt","initialized":false,"label":"event-click","position":{"x":1192.5391687535312,"y":547.3826410128379},"type":"BlockBasic"},{"data":{"description":"下一页","disableBlock":false,"findBy":"cssSelector","markEl":false,"multiple":false,"selector":"iframe:nth-child(3) |> a:nth-child(4) > i","waitForSelector":false,"waitSelectorTimeout":5000},"id":"otjmybk","initialized":false,"label":"event-click","position":{"x":1350.5063104322558,"y":750.9914572669193},"type":"BlockBasic"},{"data":{"addExtraRow":false,"assignVariable":false,"dataColumn":"z_rvI","description":"身份证","disableBlock":false,"extraRowDataColumn":"","extraRowValue":"","findBy":"cssSelector","includeTags":false,"markEl":false,"multiple":true,"onError":{"dataToInsert":[],"enable":true,"insertData":false,"retry":true,"retryInterval":1,"retryTimes":2,"toDo":"fallback"},"prefixText":"","regex":"","regexExp":[],"saveData":true,"selector":"iframe:nth-child(3) |> tr:nth-child({{variables.suifang}}) > td:nth-child(2) > a","settings":{"blockTimeout":0,"debugMode":false},"suffixText":"","useTextContent":false,"variableName":"sf","waitForSelector":false,"waitSelectorTimeout":5000},"id":"n0gipzp","initialized":false,"label":"get-text","position":{"x":1382.6449564556574,"y":723.2252490467504},"type":"BlockBasic"},{"data":{"description":"中医药健康管理","disableBlock":false,"findBy":"cssSelector","markEl":false,"multiple":false,"selector":".in > li:nth-child(5) > .menu-content","waitForSelector":false,"waitSelectorTimeout":5000},"id":"arj65be","initialized":false,"label":"event-click","position":{"x":1128.5583803547509,"y":-15.543193948277647},"type":"BlockBasic"},{"data":{"description":"儿童中医药","disableBlock":false,"findBy":"cssSelector","markEl":false,"multiple":false,"onError":{"dataToInsert":[],"enable":true,"insertData":false,"retry":true,"retryInterval":1,"retryTimes":2,"toDo":"error"},"selector":".in > li:nth-child(2) > .menuItem","settings":{"blockTimeout":0,"debugMode":false},"waitForSelector":false,"waitSelectorTimeout":5000},"id":"t0nqftk","initialized":false,"label":"event-click","position":{"x":1502.6954061576944,"y":220.63466232617816},"type":"BlockBasic"},{"data":{"description":"管理服务","disableBlock":false,"findBy":"cssSelector","markEl":false,"multiple":false,"selector":"iframe:nth-child(4) |> label:nth-child(2) > input","waitForSelector":false,"waitSelectorTimeout":5000},"id":"c53b9dn","initialized":false,"label":"event-click","position":{"x":1863.0037777224022,"y":1065.222494062079},"type":"BlockBasic"},{"data":{"assignVariable":false,"clearValue":true,"dataColumn":"","delay":0,"description":"证件号码","disableBlock":false,"events":[],"findBy":"cssSelector","getValue":false,"markEl":false,"multiple":false,"onError":{"dataToInsert":[],"enable":true,"insertData":false,"retry":true,"retryInterval":1,"retryTimes":3,"toDo":"fallback"},"optionPosition":"1","saveData":false,"selectOptionBy":"value","selected":true,"selector":"iframe:nth-child(4) |> tr:nth-child(2) input:nth-child(1)","settings":{"blockTimeout":0,"debugMode":false},"type":"text-field","value":"{{table.[variables.ss].sf}}","variableName":"","waitForSelector":false,"waitSelectorTimeout":5000},"id":"17vat5q","initialized":false,"label":"forms","position":{"x":1887.9349621605018,"y":1210.2906973381425},"type":"BlockBasic"},{"data":{"assignVariable":false,"clearValue":true,"dataColumn":"","delay":0,"description":"随访时间","disableBlock":false,"events":[],"findBy":"cssSelector","getValue":false,"markEl":false,"multiple":false,"optionPosition":"1","saveData":false,"selectOptionBy":"value","selected":true,"selector":".RuoYi_iframe:nth-child(4) |> tr:nth-child(6) .layui-input","type":"text-field","value":"{{variables.nowData}}","variableName":"","waitForSelector":false,"waitSelectorTimeout":5000},"id":"m4h1hdg","initialized":false,"label":"forms","position":{"x":1339.4548706683636,"y":563.9147371326485},"type":"BlockBasic"},{"data":{"disableBlock":false,"time":"2000"},"id":"8tbcg9o","initialized":false,"label":"delay","position":{"x":526.7919314468722,"y":669.8807642189994},"type":"BlockDelay"},{"data":{"disableBlock":false,"time":"1000"},"id":"7urqq0t","initialized":false,"label":"delay","position":{"x":1735.4741952478514,"y":325.0531112922913},"type":"BlockDelay"},{"data":{"assignVariable":false,"clearValue":true,"dataColumn":"","delay":0,"description":"下次随访时间","disableBlock":false,"events":[],"findBy":"cssSelector","getValue":false,"markEl":false,"multiple":false,"optionPosition":"1","saveData":false,"selectOptionBy":"value","selected":true,"selector":".RuoYi_iframe:nth-child(4) |> tr:nth-child(8) .layui-input","type":"text-field","value":"{{variables.lastData}}","variableName":"","waitForSelector":false,"waitSelectorTimeout":5000},"id":"ig03ljt","initialized":false,"label":"forms","position":{"x":1062.6626036973767,"y":436.51369579405514},"type":"BlockBasic"},{"data":{"description":"管理服务","disableBlock":false,"findBy":"cssSelector","markEl":false,"multiple":false,"selector":"iframe:nth-child(4) |> label:nth-child(1) > input","waitForSelector":false,"waitSelectorTimeout":5000},"id":"rxrvsve","initialized":false,"label":"event-click","position":{"x":1056.6837770358661,"y":274.34625705915323},"type":"BlockBasic"},{"data":{"description":"保存","disableBlock":false,"findBy":"cssSelector","markEl":false,"multiple":false,"onError":{"dataToInsert":[],"enable":false,"insertData":false,"retry":false,"retryInterval":2,"retryTimes":1,"toDo":"error"},"selector":"iframe:nth-child(4) |> #saveChildExamBtn > button","settings":{"blockTimeout":0,"debugMode":false},"waitForSelector":false,"waitSelectorTimeout":5000},"id":"evadk4c","initialized":false,"label":"event-click","position":{"x":1872.3022063942276,"y":758.6940587500025},"type":"BlockBasic"},{"data":{"description":"保存成功","disableBlock":false,"findBy":"cssSelector","markEl":false,"multiple":false,"onError":{"dataToInsert":[],"enable":true,"insertData":false,"retry":true,"retryInterval":1,"retryTimes":3,"toDo":"fallback"},"selector":"iframe:nth-child(4) |> div:nth-child(4) > a","settings":{"blockTimeout":0,"debugMode":false},"waitForSelector":false,"waitSelectorTimeout":5000},"id":"cfqnooc","initialized":false,"label":"event-click","position":{"x":1842.966603367745,"y":387.00417474676686},"type":"BlockBasic"},{"data":{"disableBlock":false,"time":"2000"},"id":"j8jwc7z","initialized":false,"label":"delay","position":{"x":2239.285081872678,"y":197.69092383968973},"type":"BlockDelay"},{"data":{"disableBlock":false,"time":"1000"},"id":"8esq7g8","initialized":false,"label":"delay","position":{"x":1824.5175950059902,"y":562.3550742323389},"type":"BlockDelay"},{"data":{"disableBlock":false,"time":"500"},"id":"q8m38du","initialized":false,"label":"delay","position":{"x":1769.287234680596,"y":575.7234483302395},"type":"BlockDelay"},{"data":{"disableBlock":false,"time":"1000"},"id":"db6rjuy","initialized":false,"label":"delay","position":{"x":2034.634250786418,"y":1027.0982526044952},"type":"BlockDelay"},{"data":{"description":"新增","disableBlock":false,"findBy":"cssSelector","markEl":false,"multiple":false,"onError":{"dataToInsert":[],"enable":true,"insertData":false,"retry":true,"retryInterval":1,"retryTimes":6,"toDo":"error"},"selector":"iframe:nth-child(4) |> a > button","settings":{"blockTimeout":0,"debugMode":false},"waitForSelector":false,"waitSelectorTimeout":5000},"id":"kflpcwx","initialized":false,"label":"event-click","position":{"x":1364.124388424944,"y":738.4841066015584},"type":"BlockBasic"},{"data":{"disableBlock":false,"time":"4000"},"id":"vz475hq","initialized":false,"label":"delay","position":{"x":2078.783997319121,"y":835.908274127726},"type":"BlockDelay"},{"data":{"disableBlock":false,"time":"1000"},"id":"6vk4gv8","initialized":false,"label":"delay","position":{"x":1866.836650708597,"y":916.9600111092684},"type":"BlockDelay"},{"data":{"disableBlock":false,"time":"2000"},"id":"1wp0bo7","initialized":false,"label":"delay","position":{"x":821.1788867914638,"y":510.87172317659497},"type":"BlockDelay"},{"data":{"disableBlock":false,"time":"300"},"id":"3xa82xx","initialized":false,"label":"delay","position":{"x":1243.2494341501251,"y":1051.197126574646},"type":"BlockDelay"},{"data":{"disableBlock":false,"time":"500"},"id":"7200l5y","initialized":false,"label":"delay","position":{"x":92.18494850097306,"y":34.61866073163662},"type":"BlockDelay"},{"data":{"disableBlock":false,"time":"500"},"id":"g2qnm1u","initialized":false,"label":"delay","position":{"x":-292.6370841083108,"y":659.2091106466703},"type":"BlockDelay"},{"data":{"code":"// 获取当前日期\nvar now = new Date();\n\n// 创建一个副本，避免修改原始日期\nvar futureDate = new Date(now);\n\n// 提取当前年份\nvar currentYear = now.getFullYear() - 3;\n\n// 构造新的日期字符串（当前年份的 01/01）\nvar riqi = `${currentYear}/01/01`;\n\n// 将构造的日期赋值给变量 riqi\nautomaSetVariable('riqi', riqi);\n\nautomaSetVariable('suifang', 1);\n\n// 将当前日期格式化为 YYYY/MM/DD 格式\nvar nowStr = `${now.getFullYear()}/${String(now.getMonth() + 1).padStart(2, '0')}/${String(now.getDate()).padStart(2, '0')}`;\n\n// 将格式化后的日期赋值给变量 nowData\nautomaSetVariable('nowData', nowStr);\n\n// 当前月份 + 6个月\nfutureDate.setMonth(futureDate.getMonth() + 6);\n\n// 将未来日期格式化为 YYYY/MM/DD 格式（使用本地时间）\nvar futureDateStr = `${futureDate.getFullYear()}/${String(futureDate.getMonth() + 1).padStart(2, '0')}/${String(futureDate.getDate()).padStart(2, '0')}`;\n\n// 将格式化后的日期赋值给变量 lastData\nautomaSetVariable('lastData', futureDateStr);","context":"website","description":"","disableBlock":false,"everyNewTab":false,"preloadScripts":[],"runBeforeLoad":false,"timeout":20000},"id":"ax5srmz","initialized":false,"label":"javascript-code","position":{"x":86.66580818519787,"y":564.9533621981996},"type":"BlockBasic"},{"data":{"code":"\n\nautomaSetVariable('suifang', automaRefData('variables', 'suifang') + 1);\n\n\n","context":"website","description":"+ 1","disableBlock":false,"everyNewTab":false,"preloadScripts":[],"runBeforeLoad":false,"timeout":20000},"id":"pumb71w","initialized":false,"label":"javascript-code","position":{"x":969.2679176297543,"y":852.1231584267819},"type":"BlockBasic"},{"data":{"conditions":[{"conditions":[{"conditions":[{"id":"DpadCaLHhkAuyeKuqL3j4","items":[{"category":"value","data":{"value":"{{variables.suifang}}"},"id":"Pv848G-rmwZR4oyBRhJH2","type":"value"},{"category":"compare","id":"3hqO4rNdnofSjbY0AHspw","type":"eq"},{"category":"value","data":{"value":"11"},"id":"AILoAaGK83P7fUYeuhmlA","type":"value"}]}],"id":"WLlBOJj5-cz0Vvs_7YIcn"}],"id":"rSoVWqVfXdThvem6VOvGk","name":"Path 1"},{"conditions":[{"conditions":[{"id":"CknQ1luWBKT8JOCfWVbNS","items":[{"category":"value","data":{"value":"{{variables.suifang}}"},"id":"YbALNd29Ud5xd3jDrBEQm","type":"value"},{"category":"compare","id":"OnY-k2X7JkLct96NLvgDA","type":"lte"},{"category":"value","data":{"value":"10"},"id":"zs1Kjxz_6UZrAvbvrSlIQ","type":"value"}]}],"id":"lqqiP-GpsJxdtAUBHnJ5P"}],"id":"2erGerxgp6IKNBROEhnXi","name":"Path 2"}],"description":"","disableBlock":false,"retryConditions":false,"retryCount":10,"retryTimeout":1000},"id":"arcyr0w","initialized":false,"label":"conditions","position":{"x":797.263337762518,"y":1023.6372207995304},"type":"BlockConditions"},{"data":{"code":"\n  automaSetVariable('suifang', 1);\n\n\n","context":"website","description":"= 11","disableBlock":false,"everyNewTab":false,"preloadScripts":[],"runBeforeLoad":false,"timeout":20000},"id":"arfm6wn","initialized":false,"label":"javascript-code","position":{"x":1256.3727721898272,"y":1078.5734164932678},"type":"BlockBasic"},{"data":{"disableBlock":false,"time":"1000"},"id":"0hm3gjl","initialized":false,"label":"delay","position":{"x":2203.8091894919044,"y":373.2036551148317},"type":"BlockDelay"},{"data":{"code":"\nvar idNumber = automaRefData('variables', 'sfz')\n// 提取出生日期部分（第7到14位）\nvar birthDateStr = idNumber.substring(6, 14);\n\n// 将提取的出生日期转换为日期对象（格式为 YYYY-MM-DD）\nvar birthDate = new Date(birthDateStr.substring(0, 4) + \"-\" + birthDateStr.substring(4, 6) + \"-\" + birthDateStr.substring(6, 8));\n\n// 获取当前日期\nvar currentDate = new Date();\n\n// 计算从出生日期到当前日期的月数\nvar months = (currentDate.getFullYear() - birthDate.getFullYear()) * 12 + (currentDate.getMonth() - birthDate.getMonth());\n\n// 如果当前日期小于出生日期的对应天数，需要减去1个月\nif (currentDate.getDate() < birthDate.getDate()) {\n    months--;\n}\n\n// 将计算结果存储到变量 riqi 中\nautomaSetVariable('riqi', months);","context":"website","description":"出生多少个月","disableBlock":false,"everyNewTab":false,"preloadScripts":[],"runBeforeLoad":false,"timeout":20000},"id":"nbz5hx3","initialized":false,"label":"javascript-code","position":{"x":207.18765936594764,"y":735.6185423027896},"type":"BlockBasic"},{"data":{"conditions":[{"conditions":[{"conditions":[{"id":"DpadCaLHhkAuyeKuqL3j4","items":[{"category":"value","data":{"value":"{{variables.riqi}}"},"id":"Pv848G-rmwZR4oyBRhJH2","type":"value"},{"category":"compare","id":"3hqO4rNdnofSjbY0AHspw","type":"lte"},{"category":"value","data":{"value":"6"},"id":"AILoAaGK83P7fUYeuhmlA","type":"value"}]}],"id":"WLlBOJj5-cz0Vvs_7YIcn"}],"id":"rSoVWqVfXdThvem6VOvGk","name":"6月"},{"conditions":[{"conditions":[{"id":"CknQ1luWBKT8JOCfWVbNS","items":[{"category":"value","data":{"value":"{{variables.riqi}}"},"id":"YbALNd29Ud5xd3jDrBEQm","type":"value"},{"category":"compare","id":"OnY-k2X7JkLct96NLvgDA","type":"lte"},{"category":"value","data":{"value":"12"},"id":"zs1Kjxz_6UZrAvbvrSlIQ","type":"value"}]}],"id":"lqqiP-GpsJxdtAUBHnJ5P"}],"id":"2erGerxgp6IKNBROEhnXi","name":"12 月"},{"conditions":[{"conditions":[{"id":"Jkcie1OM_mEJeeIzFha9p","items":[{"category":"value","data":{"value":"{{variables.riqi}}"},"id":"wsPOePeBNQinOHuFzLuoX","type":"value"},{"category":"compare","id":"XkVIdSrQ2bDjoHyMEv83I","type":"lte"},{"category":"value","data":{"value":"18"},"id":"xZ52qNKl67IkWF7N-Gcqo","type":"value"}]}],"id":"VOl9eJnyaNtjTWJEz6E6r"}],"id":"3ObTRn7cTO45mGRluBk4m","name":"18 月"},{"conditions":[{"conditions":[{"id":"G9Czt3wJYrUIB02R1-U7Z","items":[{"category":"value","data":{"value":"{{variables.riqi}}"},"id":"ox5ooc7bCWWmDi1eWxqgp","type":"value"},{"category":"compare","id":"AcPkGDxW6f9LC4aJZX8uJ","type":"lte"},{"category":"value","data":{"value":"24"},"id":"EGrK5ZutnB8mUHswERBxB","type":"value"}]}],"id":"1uoYhMdO7FmnTzpulb654"}],"id":"ww7gihT8ymEreyGSt_q7k","name":"24"},{"conditions":[{"conditions":[{"id":"RDsARqmbL0eq-yGX-eQB7","items":[{"category":"value","data":{"value":"{{variables.riqi}}"},"id":"1Vy3tDUsZhcEZMIKCg5Gl","type":"value"},{"category":"compare","id":"A-MOgnBy0fEn6TSN6pvrD","type":"lte"},{"category":"value","data":{"value":"30"},"id":"fVyMCukh1YCzau2kr-Pd_","type":"value"}]}],"id":"ORMUhwU9NfEXeOL_fcMm-"}],"id":"jw9xbDrXFdY0o7_QeYHRj","name":"30"},{"conditions":[{"conditions":[{"id":"izpCSCfLDt7x_r_YpwNLn","items":[{"category":"value","data":{"value":"{{variables.riqi}}"},"id":"KnCzuj_31LMjRWo-1NEI6","type":"value"},{"category":"compare","id":"k36wNOYgyZ85eH0xuOAnL","type":"lte"},{"category":"value","data":{"value":"36"},"id":"HJSfHRZeEd_K-Yq5fX0lt","type":"value"}]}],"id":"_Cks7yTOxZGfhjfVtF0f9"}],"id":"9TMWsAYyiRniDwfcpqYxY","name":"36"}],"description":"","disableBlock":false,"retryConditions":false,"retryCount":10,"retryTimeout":1000},"id":"nyqmkbt","initialized":false,"label":"conditions","position":{"x":-529.420322896211,"y":662.1854277363063},"type":"BlockConditions"},{"data":{"assignVariable":false,"clearValue":true,"dataColumn":"","delay":0,"description":"获取卫生所","disableBlock":false,"events":[],"findBy":"cssSelector","getValue":false,"markEl":false,"multiple":false,"optionPosition":"1","saveData":false,"selectOptionBy":"custom-position","selected":true,"selector":"iframe:nth-child(4) |> tbody:nth-child(1) select","type":"select","value":"","variableName":"a","waitForSelector":false,"waitSelectorTimeout":5000},"id":"6l3nbff","initialized":false,"label":"forms","position":{"x":998.3727060563028,"y":686.6929601583474},"type":"BlockBasic"},{"data":{"assignVariable":false,"clearValue":true,"dataColumn":"","delay":0,"description":"获取卫生所","disableBlock":false,"events":[],"findBy":"cssSelector","getValue":false,"markEl":false,"multiple":false,"optionPosition":"2","saveData":false,"selectOptionBy":"custom-position","selected":true,"selector":"iframe:nth-child(4) |> tbody:nth-child(1) select","type":"select","value":"","variableName":"a","waitForSelector":false,"waitSelectorTimeout":5000},"id":"lv9kuhn","initialized":false,"label":"forms","position":{"x":1018.6451404191325,"y":784.4753147749559},"type":"BlockBasic"},{"data":{"assignVariable":false,"clearValue":true,"dataColumn":"","delay":0,"description":"获取卫生所","disableBlock":false,"events":[],"findBy":"cssSelector","getValue":false,"markEl":false,"multiple":false,"optionPosition":"6","saveData":false,"selectOptionBy":"custom-position","selected":true,"selector":"iframe:nth-child(4) |> tbody:nth-child(1) select","type":"select","value":"","variableName":"a","waitForSelector":false,"waitSelectorTimeout":5000},"id":"xc1u5gf","initialized":false,"label":"forms","position":{"x":-44.2939796227256,"y":1008.377267747773},"type":"BlockBasic"},{"data":{"assignVariable":false,"clearValue":true,"dataColumn":"","delay":0,"description":"获取卫生所","disableBlock":false,"events":[],"findBy":"cssSelector","getValue":false,"markEl":false,"multiple":false,"optionPosition":"5","saveData":false,"selectOptionBy":"custom-position","selected":true,"selector":"iframe:nth-child(4) |> tbody:nth-child(1) select","type":"select","value":"","variableName":"a","waitForSelector":false,"waitSelectorTimeout":5000},"id":"kyjnozz","initialized":false,"label":"forms","position":{"x":-48.46941921986763,"y":894.248585425896},"type":"BlockBasic"},{"data":{"assignVariable":false,"clearValue":true,"dataColumn":"","delay":0,"description":"获取卫生所","disableBlock":false,"events":[],"findBy":"cssSelector","getValue":false,"markEl":false,"multiple":false,"optionPosition":"4","saveData":false,"selectOptionBy":"custom-position","selected":true,"selector":"iframe:nth-child(4) |> tbody:nth-child(1) select","type":"select","value":"","variableName":"a","waitForSelector":false,"waitSelectorTimeout":5000},"id":"y8fhrup","initialized":false,"label":"forms","position":{"x":1013.4721009144187,"y":987.1140608211558},"type":"BlockBasic"},{"data":{"assignVariable":false,"clearValue":true,"dataColumn":"","delay":0,"description":"获取卫生所","disableBlock":false,"events":[],"findBy":"cssSelector","getValue":false,"markEl":false,"multiple":false,"optionPosition":"3","saveData":false,"selectOptionBy":"custom-position","selected":true,"selector":"iframe:nth-child(4) |> tbody:nth-child(1) select","type":"select","value":"","variableName":"a","waitForSelector":false,"waitSelectorTimeout":5000},"id":"ikscava","initialized":false,"label":"forms","position":{"x":1009.2966613172766,"y":879.9444444945152},"type":"BlockBasic"},{"data":{"disableBlock":false,"time":"1000"},"id":"y4z641q","initialized":false,"label":"delay","position":{"x":328.4500619857481,"y":822.1028061154391},"type":"BlockDelay"},{"data":{"assignVariable":false,"clearValue":true,"dataColumn":"","delay":0,"description":"体检机构","disableBlock":false,"events":[],"findBy":"cssSelector","getValue":false,"markEl":false,"multiple":false,"optionPosition":"1","saveData":false,"selectOptionBy":"value","selected":true,"selector":"iframe:nth-child(4) |> div:nth-child(1) > input:nth-child(1)","type":"text-field","value":"{{variables.a}}","variableName":"","waitForSelector":false,"waitSelectorTimeout":5000},"id":"6o2jxzb","initialized":false,"label":"forms","position":{"x":907.9977432400906,"y":968.4332287233376},"type":"BlockBasic"},{"data":{"assignVariable":false,"clearValue":true,"dataColumn":"","delay":0,"description":"证件号码","disableBlock":false,"events":[],"findBy":"cssSelector","getValue":false,"markEl":false,"multiple":false,"onError":{"dataToInsert":[],"enable":true,"insertData":false,"retry":true,"retryInterval":1,"retryTimes":3,"toDo":"fallback"},"optionPosition":"1","saveData":false,"selectOptionBy":"value","selected":true,"selector":"iframe:nth-child(4) |> tr:nth-child(2) input:nth-child(1)","settings":{"blockTimeout":0,"debugMode":false},"type":"text-field","value":"{{variables.sfz}}","variableName":"","waitForSelector":false,"waitSelectorTimeout":5000},"id":"12daqb0","initialized":false,"label":"forms","position":{"x":435.8219642333288,"y":475.08125124602907},"type":"BlockBasic"},{"data":{"assignVariable":true,"clearValue":true,"dataColumn":"","delay":0,"description":"证件号码","disableBlock":false,"events":[],"findBy":"cssSelector","getValue":true,"markEl":false,"multiple":false,"onError":{"dataToInsert":[],"enable":true,"insertData":false,"retry":true,"retryInterval":1,"retryTimes":3,"toDo":"fallback"},"optionPosition":"1","saveData":false,"selectOptionBy":"value","selected":true,"selector":"iframe:nth-child(4) |> tr:nth-child(2) input:nth-child(1)","settings":{"blockTimeout":0,"debugMode":false},"type":"text-field","value":"{{table.[variables.ss].sf}}","variableName":"sfz","waitForSelector":false,"waitSelectorTimeout":5000},"id":"m45sm5a","initialized":false,"label":"forms","position":{"x":338.9286039237463,"y":562.8573827778582},"type":"BlockBasic"},{"data":{"assignVariable":true,"clearValue":true,"dataColumn":"","delay":0,"description":"管理机构","disableBlock":false,"events":[],"findBy":"cssSelector","getValue":true,"markEl":false,"multiple":false,"optionPosition":"1","saveData":false,"selectOptionBy":"value","selected":true,"selector":".RuoYi_iframe:nth-child(4) |> tr:nth-child(10) input","type":"text-field","value":"a","variableName":"a","waitForSelector":false,"waitSelectorTimeout":5000},"id":"7scqnsu","initialized":false,"label":"forms","position":{"x":315.67510682548937,"y":414.8248188747741},"type":"BlockBasic"},{"data":{"assignVariable":false,"clearValue":true,"dataColumn":"","delay":0,"description":"体检机构","disableBlock":false,"events":[],"findBy":"cssSelector","getValue":false,"markEl":false,"multiple":false,"optionPosition":"1","saveData":false,"selectOptionBy":"custom-position","selected":true,"selector":"iframe:nth-child(4) |> div:nth-child(1) > input:nth-child(1)","type":"select","value":"{{variables.a}}","variableName":"","waitForSelector":false,"waitSelectorTimeout":5000},"id":"2i8posv","initialized":false,"label":"forms","position":{"x":669.7327562723594,"y":1119.5435174939566},"type":"BlockBasic"},{"data":{"description":"管理服务","disableBlock":false,"findBy":"cssSelector","markEl":false,"multiple":false,"onError":{"dataToInsert":[],"enable":true,"insertData":false,"retry":false,"retryInterval":2,"retryTimes":1,"toDo":"fallback"},"selector":".RuoYi_iframe:nth-child(4) |> .founderSelectDiv > p:nth-child(1)","settings":{"blockTimeout":0,"debugMode":false},"waitForSelector":false,"waitSelectorTimeout":5000},"id":"lyjupv7","initialized":false,"label":"event-click","position":{"x":2195.210557354843,"y":1000.5996130348201},"type":"BlockBasic"},{"data":{"$breakpoint":false,"disableBlock":false,"time":"500"},"id":"08ydl6i","initialized":false,"label":"delay","position":{"x":1228.4849173638568,"y":853.8024283710408},"type":"BlockDelay"},{"data":{"description":"管理服务","disableBlock":false,"findBy":"cssSelector","markEl":false,"multiple":false,"selector":".RuoYi_iframe:nth-child(4) |> div:nth-child(1) > input:nth-child(1)","waitForSelector":false,"waitSelectorTimeout":5000},"id":"d0bjlva","initialized":false,"label":"event-click","position":{"x":1518.6597749109983,"y":853.3364808384151},"type":"BlockBasic"},{"data":{"disableBlock":false,"time":"500"},"id":"xlayfgh","initialized":false,"label":"delay","position":{"x":1881.9201883536093,"y":835.74723808249},"type":"BlockDelay"},{"data":{"description":"管理服务","disableBlock":false,"findBy":"cssSelector","markEl":false,"multiple":false,"selector":".RuoYi_iframe:nth-child(4) |> .founderSelectDiv > p:nth-child(1)","waitForSelector":false,"waitSelectorTimeout":5000},"id":"k4vt5pa","initialized":false,"label":"event-click","position":{"x":1386.4035981863622,"y":1132.1599132738788},"type":"BlockBasic"},{"data":{"description":"管理服务","disableBlock":false,"findBy":"cssSelector","markEl":false,"multiple":false,"selector":".RuoYi_iframe:nth-child(4) |> div:nth-child(1) > input:nth-child(1)","waitForSelector":false,"waitSelectorTimeout":5000},"id":"lvef6hr","initialized":false,"label":"event-click","position":{"x":1575.0434202596994,"y":1224.913005036452},"type":"BlockBasic"},{"data":{"code":"\n\nautomaSetVariable('ss', automaRefData('variables', 'ss') + 1);\n\n\n","context":"website","description":"ss + 1","disableBlock":false,"everyNewTab":false,"preloadScripts":[],"runBeforeLoad":false,"timeout":20000},"id":"t9qs9a1","initialized":false,"label":"javascript-code","position":{"x":2341.854094903161,"y":424.82982297142746},"type":"BlockBasic"},{"data":{"description":"管理服务","disableBlock":false,"findBy":"cssSelector","markEl":false,"multiple":false,"selector":"iframe:nth-child(4) |> tr:nth-child(2) input:nth-child(1)","waitForSelector":false,"waitSelectorTimeout":5000},"id":"25frpl9","initialized":false,"label":"event-click","position":{"x":711.0416062791592,"y":458.59751288428197},"type":"BlockBasic"},{"data":{"code":"\n\nautomaSetVariable('ss', 0);\n\n\n","context":"website","description":"ss = 0","disableBlock":false,"everyNewTab":false,"preloadScripts":[],"runBeforeLoad":false,"timeout":20000},"id":"vwv7iwe","initialized":false,"label":"javascript-code","position":{"x":1372.3363598482738,"y":383.6177661576478},"type":"BlockBasic"},{"data":{"disableBlock":false,"time":"500"},"id":"im09ix4","initialized":false,"label":"delay","position":{"x":929.2681994978143,"y":793.8679262434737},"type":"BlockDelay"},{"data":{"description":"管理服务","disableBlock":false,"findBy":"cssSelector","markEl":false,"multiple":false,"selector":"iframe:nth-child(4) |> tr:nth-child(2) input:nth-child(1)","waitForSelector":false,"waitSelectorTimeout":5000},"id":"xj9mx56","initialized":false,"label":"event-click","position":{"x":669.9953489397567,"y":769.6699134478708},"type":"BlockBasic"},{"data":{"disableBlock":false,"time":"1000"},"id":"juxljye","initialized":false,"label":"delay","position":{"x":921.8228999455819,"y":561.6948142031465},"type":"BlockDelay"}],"position":[756.4848601708061,359.2887916850258],"viewport":{"x":756.4848601708061,"y":359.2887916850258,"zoom":0.435275281648062},"zoom":0.435275281648062},"description":"","icon":"mdiPackageVariantClosed","id":"KRsLVTlrTuCsgRJuvi8TL","inputs":[{"blockId":"lfbnvpv","handleId":"lfbnvpv-input-1","id":"7j7c56n","name":""}],"isExternal":true,"name":"tttttttttttttt","outputs":[],"settings":{"asBlock":true}},"label":"block-package"}],"edges":[{"id":"vueflow__edge-Jr-2X6_Qsbq66UdGwSaxVJr-2X6_Qsbq66UdGwSaxV-output-1-cd08uxtcd08uxt-input-1","type":"custom","source":"Jr-2X6_Qsbq66UdGwSaxV","target":"cd08uxt","sourceHandle":"Jr-2X6_Qsbq66UdGwSaxV-output-1","targetHandle":"cd08uxt-input-1","updatable":true,"selectable":true,"data":{},"label":"","markerEnd":"arrowclosed","sourceX":-2010.4483736709408,"sourceY":-267.3542050285488,"targetX":-1776.037291544968,"targetY":-375.2092090784932},{"id":"vueflow__edge-cd08uxtcd08uxt-output-1-7grlaux7grlaux-input-1","type":"custom","source":"cd08uxt","target":"7grlaux","sourceHandle":"cd08uxt-output-1","targetHandle":"7grlaux-input-1","updatable":true,"selectable":true,"data":{},"label":"","markerEnd":"arrowclosed","sourceX":-1536.037301717494,"sourceY":-375.2092090784932,"targetX":-1303.218390522076,"targetY":-549.2828156224327},{"id":"vueflow__edge-7grlaux7grlaux-output-1-7pbddth7pbddth-input-7j7c56n","type":"custom","source":"7grlaux","target":"7pbddth","sourceHandle":"7grlaux-output-1","targetHandle":"7pbddth-input-7j7c56n","updatable":true,"selectable":true,"data":{},"label":"","markerEnd":"arrowclosed","sourceX":-1063.2184134102597,"sourceY":-549.2828156224327,"targetX":-504.7769287165379,"targetY":-704.1077085802874}],"position":[447.19023931613685,230.60054425927217],"zoom":0.3,"viewport":{"x":447.19023931613685,"y":230.60054425927217,"zoom":0.3}},"settings":{"publicId":"","blockDelay":0,"saveLog":true,"debugMode":false,"restartTimes":3,"notification":true,"execContext":"popup","reuseLastState":false,"inputAutocomplete":true,"onError":"stop-workflow","executedBlockOnWeb":false,"insertDefaultColumn":false,"defaultColumnName":"column","tabLoadTimeout":30000},"globalData":"{\n\t\"key\": \"value\"\n}","description":"","includedWorkflows":{}}