{"extVersion":"1.28.27","name":"中医体质辨识--老年人","icon":"riGlobalLine","table":[],"version":"1.28.27","drawflow":{"nodes":[{"type":"BlockBasic","data":{"url":"","date":"","days":[],"time":"00:00","type":"manual","delay":5,"interval":60,"shortcut":"","isUrlRegex":false,"parameters":[],"description":"","contextTypes":[],"disableBlock":false,"activeInInput":false,"observeElement":{"selector":"","baseSelector":"","matchPattern":"","baseElOptions":{"subtree":false,"childList":true,"attributes":false,"characterData":false,"attributeFilter":[]},"targetOptions":{"subtree":false,"childList":true,"attributes":false,"characterData":false,"attributeFilter":[]}},"contextMenuName":"","preferParamsInTab":false},"events":{},"id":"waa3SSDMpEa4sx9QRF93h","position":{"x":-2026.4895518286307,"y":-831.1986607893617},"label":"trigger"},{"type":"BlockBasic","data":{"url":"http://172.30.0.253/phis/index","active":true,"inGroup":false,"tabZoom":1,"userAgent":"","description":"","disableBlock":false,"updatePrevTab":false,"waitTabLoaded":false,"customUserAgent":false},"events":{},"id":"pdrcxdr","position":{"x":-1679.1283181996682,"y":-795.5701844863928},"label":"new-tab"},{"type":"BlockBasic","data":{"disableBlock":false},"events":{},"id":"wvape2m","position":{"x":-1656.0738089138954,"y":-576.7408294496597},"label":"active-tab"},{"type":"BlockPackage","data":{"id":"b5rU49gLkOOj3nYQCSWtb","name":"zybianshi","icon":"mdiPackageVariantClosed","isExtenal":false,"content":null,"inputs":[{"handleId":"a5ww8p4-input-1","name":"","id":"6hoysuj","blockId":"a5ww8p4"}],"outputs":[],"variable":[],"settings":{"asBlock":true},"data":{"nodes":[{"type":"BlockBasic","data":{"description":"高级","disableBlock":false,"findBy":"cssSelector","markEl":false,"multiple":false,"onError":{"dataToInsert":[],"enable":true,"insertData":false,"retry":true,"retryInterval":0.1,"retryTimes":30,"toDo":"error"},"selector":".RuoYi_iframe:nth-child(3) |> button#perAdvanceSearchConditionBtn","settings":{"blockTimeout":0,"debugMode":false},"waitForSelector":false,"waitSelectorTimeout":5000},"events":{},"label":"event-click","id":"phjttml","position":{"z":0,"y":315,"x":474}},{"type":"BlockBasic","data":{"description":"保存","disableBlock":false,"findBy":"cssSelector","markEl":false,"multiple":false,"onError":{"dataToInsert":[],"enable":true,"insertData":false,"retry":true,"retryInterval":1,"retryTimes":3,"toDo":"error"},"selector":"iframe:nth-child(3) |> #save > button","settings":{"blockTimeout":0,"debugMode":false},"waitForSelector":false,"waitSelectorTimeout":5000},"events":{},"label":"event-click","id":"ocpfj4t","position":{"z":0,"y":989.7384935016232,"x":1582.762037829243}},{"type":"BlockBasic","data":{"description":"查询","disableBlock":false,"findBy":"cssSelector","markEl":false,"multiple":false,"onError":{"dataToInsert":[],"enable":false,"insertData":false,"retry":false,"retryInterval":2,"retryTimes":1,"toDo":"error"},"selector":".RuoYi_iframe:nth-child(3) |> button#searchButton","settings":{"blockTimeout":0,"debugMode":false},"waitForSelector":false,"waitSelectorTimeout":5000},"events":{},"label":"event-click","id":"2zi0pd7","position":{"z":0,"y":693.1798361206415,"x":2142.8637029374877}},{"type":"BlockBasic","data":{"assignVariable":false,"clearValue":true,"dataColumn":"","delay":0,"description":"否 结案","disableBlock":false,"events":[],"findBy":"cssSelector","getValue":false,"markEl":false,"multiple":false,"onError":{"dataToInsert":[],"enable":true,"insertData":false,"retry":true,"retryInterval":0.1,"retryTimes":20,"toDo":"error"},"optionPosition":"2","saveData":false,"selectOptionBy":"custom-position","selected":true,"selector":".RuoYi_iframe:nth-child(3) |> .advanceSearchSection > .colinput:nth-child(4) > .x-layui-input","settings":{"blockTimeout":0,"debugMode":false},"type":"select","value":"否","variableName":"","waitForSelector":false,"waitSelectorTimeout":5000},"events":{},"label":"forms","id":"gf4vmun","position":{"z":0,"y":511.6964935813537,"x":500.7802955905313}},{"type":"BlockBasic","data":{"description":"确定","disableBlock":false,"findBy":"cssSelector","markEl":false,"multiple":false,"onError":{"dataToInsert":[],"enable":true,"insertData":false,"retry":false,"retryInterval":1,"retryTimes":4,"toDo":"fallback"},"selector":".RuoYi_iframe:nth-child(3) |> a.layui-layer-btn0","settings":{"blockTimeout":0,"debugMode":false},"waitForSelector":false,"waitSelectorTimeout":5000},"events":{},"label":"event-click","id":"2jm9yzz","position":{"z":0,"y":954.8509917713468,"x":2494.8586221003843}},{"type":"BlockBasic","data":{"description":"中医药健康管理","disableBlock":false,"findBy":"cssSelector","markEl":false,"multiple":false,"onError":{"dataToInsert":[],"enable":true,"insertData":false,"retry":true,"retryInterval":0.1,"retryTimes":20,"toDo":"error"},"selector":".in > li:nth-child(5) > .menu-content","settings":{"blockTimeout":0,"debugMode":false},"waitForSelector":false,"waitSelectorTimeout":5000},"events":{},"label":"event-click","id":"a5ww8p4","position":{"z":0,"y":-110.04663911503042,"x":71.77241401305673}},{"type":"BlockBasic","data":{"disableBlock":false,"description":"老年人中医体质辨识","findBy":"cssSelector","waitForSelector":false,"waitSelectorTimeout":5000,"selector":".in:nth-child(2) > li:nth-child(1) > .menuItem","markEl":false,"multiple":false,"onError":{"dataToInsert":[],"enable":true,"insertData":false,"retry":true,"retryInterval":0.1,"retryTimes":20,"toDo":"error"},"settings":{"blockTimeout":0,"debugMode":false}},"events":{},"label":"event-click","id":"7w9c94f","position":{"x":-70.51893992573105,"y":157.234805657604}},{"type":"BlockDelay","data":{"disableBlock":false,"time":"600"},"events":{},"label":"delay","id":"6ivbysi","position":{"z":0,"y":928.3020115939607,"x":2201.858713077061}},{"type":"BlockBasic","data":{"description":"返回","disableBlock":false,"findBy":"cssSelector","markEl":false,"multiple":false,"onError":{"dataToInsert":[],"enable":true,"insertData":false,"retry":true,"retryInterval":1,"retryTimes":4,"toDo":"error"},"selector":".RuoYi_iframe:nth-child(3) |> #ech-phyexam-res-back-btn > .btn-gray","settings":{"blockTimeout":0,"debugMode":false},"waitForSelector":false,"waitSelectorTimeout":5000},"events":{},"label":"event-click","id":"rt8joee","position":{"z":0,"y":1361.674640390276,"x":1926.193233488595}},{"type":"BlockDelay","data":{"disableBlock":false,"time":"600"},"events":{},"label":"delay","id":"dtxv38z","position":{"z":0,"y":1109.6433664257943,"x":2014.2532160944722}},{"type":"BlockBasic","data":{"description":"新增","disableBlock":false,"findBy":"cssSelector","markEl":false,"multiple":false,"onError":{"dataToInsert":[],"enable":true,"insertData":false,"retry":true,"retryInterval":0.1,"retryTimes":10,"toDo":"fallback"},"selector":"iframe:nth-child(3) |> tr:nth-child(1) a:nth-child(2)","settings":{"blockTimeout":0,"debugMode":false},"waitForSelector":false,"waitSelectorTimeout":5000},"events":{},"label":"event-click","id":"ta4xawk","position":{"z":0,"y":137.5926092423672,"x":1971.8105697763306}},{"type":"BlockBasic","data":{"code":"automaSetVariable('xun1', 1)//  1--- 33\n\nautomaSetVariable('xun2', Math.floor(Math.random()*3) + 2)","context":"website","description":"","disableBlock":false,"everyNewTab":false,"preloadScripts":[],"runBeforeLoad":false,"timeout":20000},"events":{},"label":"javascript-code","id":"cgdody6","position":{"z":0,"y":330.3546678689704,"x":2049.5505482516974}},{"type":"BlockBasic","data":{"description":"中医保健指导","disableBlock":false,"findBy":"cssSelector","markEl":false,"multiple":false,"onError":{"dataToInsert":[],"enable":true,"insertData":false,"retry":true,"retryInterval":0.1,"retryTimes":30,"toDo":"fallback"},"selector":"iframe:nth-child(3) |> tr:nth-child({{variables.xun1}}) > th:nth-child({{variables.xun2}}) > div","settings":{"blockTimeout":0,"debugMode":false},"waitForSelector":false,"waitSelectorTimeout":5000},"events":{},"label":"event-click","id":"l44lfns","position":{"z":0,"y":663.7670072811419,"x":956.7602099461983}},{"type":"BlockDelay","data":{"disableBlock":false,"time":"1500"},"events":{},"label":"delay","id":"oq6y5x9","position":{"z":0,"y":394.8691322873866,"x":1021.1497910791518}},{"type":"BlockRepeatTask","data":{"disableBlock":false,"repeatFor":"1000"},"events":{},"label":"repeat-task","id":"ffod23o","position":{"z":0,"y":-17.81015063579332,"x":1604.718783354119}},{"type":"BlockBasic","data":{"code":"//  1--- 33\nautomaSetVariable('xun1', automaRefData('variables', 'xun1') + 1);\nautomaSetVariable('xun2', Math.floor(Math.random()*3) + 2)","context":"website","description":"","disableBlock":false,"everyNewTab":false,"preloadScripts":[],"runBeforeLoad":false,"timeout":20000},"events":{},"label":"javascript-code","id":"ol47z94","position":{"z":0,"y":528.1604452029882,"x":1786.6670984990815}},{"type":"BlockConditions","data":{"conditions":[{"conditions":[{"conditions":[{"id":"GpAoNTJZ5S38Sca8I-wzY","items":[{"category":"value","data":{"value":"{{variables.xun1}}"},"id":"wv2p4poyhoCVXCEcex5PX","type":"value"},{"category":"compare","id":"3rMDkSqiusm8sLihwL50R","type":"lte"},{"category":"value","data":{"value":"33"},"id":"_n06C2iL2OpPurpNS1gId","type":"value"}]}],"id":"30kltfooHUZMI7jxwv73J"}],"id":"CyuiARdAjdCRLTzYIPw84","name":"Path 1"}],"description":"小于等于33","disableBlock":false,"retryConditions":false,"retryCount":10,"retryTimeout":1000},"events":{},"label":"conditions","id":"lyubd4p","position":{"z":0,"y":671.7302609056451,"x":1741.3986689968463}},{"type":"BlockBasic","data":{"code":"automaSetVariable('xun3', 2)//  1--- 33\n\nautomaSetVariable('xun2', Math.floor(Math.random()*3) + 2)","context":"website","description":"","disableBlock":false,"everyNewTab":false,"preloadScripts":[],"runBeforeLoad":false,"timeout":20000},"events":{},"label":"javascript-code","id":"35s15t3","position":{"z":0,"y":776.2527723500195,"x":207.5197189370956}},{"type":"BlockBasic","data":{"code":"automaSetVariable('xun3', automaRefData('variables', 'xun3') + 1); // 2 --10","context":"website","description":"","disableBlock":false,"everyNewTab":false,"preloadScripts":[],"runBeforeLoad":false,"timeout":20000},"events":{},"label":"javascript-code","id":"chsl2wm","position":{"z":0,"y":545.7054751303423,"x":2139.7213835360753}},{"type":"BlockBasic","data":{"description":"中医保健指导","disableBlock":false,"findBy":"cssSelector","markEl":false,"multiple":false,"onError":{"dataToInsert":[],"enable":true,"insertData":false,"retry":false,"retryInterval":0.1,"retryTimes":30,"toDo":"continue"},"selector":"iframe:nth-child(3) |> th:nth-child({{variables.xun3}}) label:nth-child(1) > input","settings":{"blockTimeout":0,"debugMode":false},"waitForSelector":false,"waitSelectorTimeout":5000},"events":{},"label":"event-click","id":"h5gvpx6","position":{"z":0,"y":1053.0746880443946,"x":689.0496568207425}},{"type":"BlockConditions","data":{"conditions":[{"conditions":[{"conditions":[{"id":"GpAoNTJZ5S38Sca8I-wzY","items":[{"category":"value","data":{"value":"{{variables.xun3}}"},"id":"wv2p4poyhoCVXCEcex5PX","type":"value"},{"category":"compare","id":"3rMDkSqiusm8sLihwL50R","type":"lte"},{"category":"value","data":{"value":"10"},"id":"_n06C2iL2OpPurpNS1gId","type":"value"}]}],"id":"30kltfooHUZMI7jxwv73J"}],"id":"CyuiARdAjdCRLTzYIPw84","name":"Path 1"}],"description":"小于等于10","disableBlock":false,"retryConditions":false,"retryCount":10,"retryTimeout":1000},"events":{},"label":"conditions","id":"qeazg2a","position":{"z":0,"y":553.834921396547,"x":2510.1651745347617}},{"type":"BlockBasic","data":{"assignVariable":false,"clearValue":true,"dataColumn":"","delay":0,"description":"","disableBlock":false,"events":[],"findBy":"cssSelector","getValue":true,"markEl":false,"multiple":false,"onError":{"dataToInsert":[],"enable":true,"insertData":false,"retry":true,"retryInterval":0.2,"retryTimes":50,"toDo":"fallback"},"optionPosition":"1","saveData":false,"selectOptionBy":"value","selected":true,"selector":"iframe:nth-child(3) |> tr:nth-child(1) a:nth-child(2)","settings":{"blockTimeout":0,"debugMode":false},"type":"text-field","value":"iframe:nth-child(3) |> tr:nth-child(1) a:nth-child(2)","variableName":"","waitForSelector":false,"waitSelectorTimeout":5000},"events":{},"label":"forms","id":"cvyw9kq","position":{"z":0,"y":1127.5556466438188,"x":1799.99301069596}},{"type":"BlockBasic","data":{"assignVariable":false,"clearValue":true,"dataColumn":"","delay":0,"description":"","disableBlock":false,"events":[],"findBy":"cssSelector","getValue":true,"markEl":false,"multiple":false,"onError":{"dataToInsert":[],"enable":true,"insertData":false,"retry":true,"retryInterval":0.1,"retryTimes":90,"toDo":"fallback"},"optionPosition":"1","saveData":false,"selectOptionBy":"value","selected":true,"selector":"iframe:nth-child(3) |> tr:nth-child(1) a:nth-child(2)","settings":{"blockTimeout":0,"debugMode":false},"type":"text-field","value":"iframe:nth-child(3) |> tr:nth-child(1) a:nth-child(2)","variableName":"","waitForSelector":false,"waitSelectorTimeout":5000},"events":{},"label":"forms","id":"5uuzihb","position":{"z":0,"y":126.26363302677908,"x":1383.977643283571}},{"type":"BlockDelay","data":{"disableBlock":false,"time":"500"},"events":{},"label":"delay","id":"w90ugb2","position":{"z":0,"y":574.1171409011754,"x":2182.1714469406616}},{"type":"BlockDelay","data":{"disableBlock":false,"time":"3000"},"events":{},"label":"delay","id":"1g7lbn3","position":{"x":1123.1301084311483,"y":-94.85916824159163}},{"type":"BlockDelay","data":{"disableBlock":false,"time":"8000"},"events":{},"label":"delay","id":"m9cod9u","position":{"z":0,"y":821.6128348662786,"x":1819.0234623485717}},{"type":"BlockBasic","data":{"description":"中医保健指导","disableBlock":false,"findBy":"cssSelector","markEl":false,"multiple":false,"onError":{"dataToInsert":[],"enable":true,"insertData":false,"retry":false,"retryInterval":0.1,"retryTimes":30,"toDo":"continue"},"selector":"iframe:nth-child(3) |> th:nth-child({{variables.xun3}}) label:nth-child(3) > input","settings":{"blockTimeout":0,"debugMode":false},"waitForSelector":false,"waitSelectorTimeout":5000},"events":{},"label":"event-click","id":"v1tk5l2","position":{"z":0,"y":486.54961427753835,"x":1540.1325624561334}},{"type":"BlockBasic","data":{"description":"中医保健指导","disableBlock":false,"findBy":"cssSelector","markEl":false,"multiple":false,"onError":{"dataToInsert":[],"enable":true,"insertData":false,"retry":false,"retryInterval":0.1,"retryTimes":30,"toDo":"continue"},"selector":"iframe:nth-child(3) |> th:nth-child({{variables.xun3}}) label:nth-child(5) > input","settings":{"blockTimeout":0,"debugMode":false},"waitForSelector":false,"waitSelectorTimeout":5000},"events":{},"label":"event-click","id":"ur6var1","position":{"z":0,"y":362.67823956233053,"x":1523.4308040675653}},{"type":"BlockBasic","data":{"description":"中医保健指导","disableBlock":false,"findBy":"cssSelector","markEl":false,"multiple":false,"onError":{"dataToInsert":[],"enable":true,"insertData":false,"retry":false,"retryInterval":0.1,"retryTimes":30,"toDo":"continue"},"selector":"iframe:nth-child(3) |> th:nth-child({{variables.xun3}}) label:nth-child(7) > input","settings":{"blockTimeout":0,"debugMode":false},"waitForSelector":false,"waitSelectorTimeout":5000},"events":{},"label":"event-click","id":"5avdtd4","position":{"z":0,"y":301.43845880425,"x":1797.6180042798806}},{"type":"BlockBasic","data":{"description":"中医保健指导","disableBlock":false,"findBy":"cssSelector","markEl":false,"multiple":false,"onError":{"dataToInsert":[],"enable":true,"insertData":false,"retry":false,"retryInterval":0.1,"retryTimes":30,"toDo":"continue"},"selector":"iframe:nth-child(3) |> th:nth-child({{variables.xun3}}) label:nth-child(9) > input","settings":{"blockTimeout":0,"debugMode":false},"waitForSelector":false,"waitSelectorTimeout":5000},"events":{},"label":"event-click","id":"2dzwvpl","position":{"z":0,"y":451.7542843013563,"x":1851.8987190427242}},{"type":"BlockDelay","data":{"disableBlock":false,"time":"2000"},"events":{},"label":"delay","id":"1t1sxlg","position":{"x":292.4651462742046,"y":-13.660087456643538}},{"type":"BlockDelay","data":{"disableBlock":false,"time":"2000"},"events":{},"label":"delay","id":"dhwu54i","position":{"x":85.78179981622247,"y":352.5851404998757}}],"edges":[{"type":"custom","updatable":true,"selectable":true,"markerEnd":"arrowclosed","sourceHandle":"phjttml-output-1","targetHandle":"gf4vmun-input-1","source":"phjttml","target":"gf4vmun","data":{},"events":{},"id":"edge-w3hitps","sourceX":686,"sourceY":351,"targetX":480.7802955905313,"targetY":547.6964935813537},{"type":"custom","updatable":true,"selectable":true,"markerEnd":"arrowclosed","sourceHandle":"ocpfj4t-output-1","targetHandle":"6ivbysi-input-1","source":"ocpfj4t","target":"6ivbysi","data":{},"events":{},"id":"edge-dr3j8qp","sourceX":1794.762037829243,"sourceY":1025.7384935016232,"targetX":2181.858713077061,"targetY":986.885324582242},{"type":"custom","updatable":true,"selectable":true,"markerEnd":"arrowclosed","sourceHandle":"6ivbysi-output-1","targetHandle":"2jm9yzz-input-1","source":"6ivbysi","target":"2jm9yzz","data":{},"events":{},"id":"edge-ug0yizx","sourceX":2413.858713077061,"sourceY":986.885324582242,"targetX":2474.8586221003843,"targetY":1002.8509917713468},{"type":"custom","updatable":true,"selectable":true,"markerEnd":"arrowclosed","sourceHandle":"2jm9yzz-output-1","targetHandle":"dtxv38z-input-1","source":"2jm9yzz","target":"dtxv38z","data":{},"events":{},"id":"edge-hj2bwb2","sourceX":2706.8586221003843,"sourceY":1002.8509917713468,"targetX":1994.2532160944722,"targetY":1168.2267404492318},{"type":"custom","updatable":true,"selectable":true,"markerEnd":"arrowclosed","sourceHandle":"dtxv38z-output-1","targetHandle":"rt8joee-input-1","source":"dtxv38z","target":"rt8joee","data":{},"events":{},"id":"edge-vr7zhhf","sourceX":2226.253216094472,"sourceY":1168.2267404492318,"targetX":1906.193233488595,"targetY":1397.674640390276},{"type":"custom","updatable":true,"selectable":true,"markerEnd":"arrowclosed","sourceHandle":"cgdody6-output-1","targetHandle":"l44lfns-input-1","source":"cgdody6","target":"l44lfns","data":{},"events":{},"id":"edge-dl9wovo","sourceX":2261.5505482516974,"sourceY":366.3546678689704,"targetX":936.7602099461983,"targetY":711.7670072811419},{"type":"custom","updatable":true,"selectable":true,"markerEnd":"arrowclosed","sourceHandle":"ffod23o-output-2","targetHandle":"ta4xawk-input-1","source":"ffod23o","target":"ta4xawk","data":{},"events":{},"id":"edge-bhkieok","sourceX":1880.7186612838066,"sourceY":95.37318371479262,"targetX":1951.8105697763306,"targetY":185.5926092423672},{"type":"custom","updatable":true,"selectable":true,"markerEnd":"arrowclosed","sourceHandle":"l44lfns-output-1","targetHandle":"ol47z94-input-1","source":"l44lfns","target":"ol47z94","data":{},"events":{},"id":"edge-otd7fi1","sourceX":1168.7602099461983,"sourceY":711.7670072811419,"targetX":1766.6670984990815,"targetY":564.1604452029882},{"type":"custom","updatable":true,"selectable":true,"markerEnd":"arrowclosed","sourceHandle":"ol47z94-output-1","targetHandle":"lyubd4p-input-1","source":"ol47z94","target":"lyubd4p","data":{},"events":{},"id":"edge-5s9dqna","sourceX":1998.6670984990815,"sourceY":564.1604452029882,"targetX":1721.3986689968463,"targetY":764.3135738939263},{"type":"custom","updatable":true,"selectable":true,"markerEnd":"arrowclosed","sourceHandle":"lyubd4p-output-CyuiARdAjdCRLTzYIPw84","targetHandle":"l44lfns-input-1","source":"lyubd4p","target":"l44lfns","data":{},"events":{},"id":"edge-fdukdlr","sourceX":2018.3986689968463,"sourceY":788.9136105150201,"targetX":936.7602099461983,"targetY":711.7670072811419},{"type":"custom","updatable":true,"selectable":true,"markerEnd":"arrowclosed","sourceHandle":"35s15t3-output-1","targetHandle":"h5gvpx6-input-1","source":"35s15t3","target":"h5gvpx6","data":{},"events":{},"id":"edge-hqjwj3y","sourceX":419.5197189370956,"sourceY":812.2527723500195,"targetX":669.0496568207425,"targetY":1089.0746880443946},{"type":"custom","updatable":true,"selectable":true,"markerEnd":"arrowclosed","sourceHandle":"chsl2wm-output-1","targetHandle":"qeazg2a-input-1","source":"chsl2wm","target":"qeazg2a","data":{},"events":{},"id":"edge-ctqyz63","sourceX":2351.7213835360753,"sourceY":581.7054751303423,"targetX":2490.1651745347617,"targetY":646.4182954199845},{"type":"custom","updatable":true,"selectable":true,"markerEnd":"arrowclosed","sourceHandle":"qeazg2a-output-CyuiARdAjdCRLTzYIPw84","targetHandle":"h5gvpx6-input-1","source":"qeazg2a","target":"h5gvpx6","data":{},"events":{},"id":"edge-xw2pb1v","sourceX":2787.1651745347617,"sourceY":671.018271005922,"targetX":669.0496568207425,"targetY":1089.0746880443946},{"type":"custom","updatable":true,"selectable":true,"markerEnd":"arrowclosed","sourceHandle":"rt8joee-output-1","targetHandle":"cvyw9kq-input-1","source":"rt8joee","target":"cvyw9kq","data":{},"events":{},"id":"edge-nnq47y6","sourceX":2138.193233488595,"sourceY":1397.674640390276,"targetX":1779.99301069596,"targetY":1175.5556466438188},{"type":"custom","updatable":true,"selectable":true,"markerEnd":"arrowclosed","sourceHandle":"5uuzihb-output-fallback","targetHandle":"2zi0pd7-input-1","source":"5uuzihb","target":"2zi0pd7","data":{},"events":{},"id":"edge-b9dmyut","sourceX":1595.977643283571,"sourceY":196.26363302677908,"targetX":2122.8637029374877,"targetY":729.1798361206415},{"type":"custom","updatable":true,"selectable":true,"markerEnd":"arrowclosed","sourceHandle":"5uuzihb-output-1","targetHandle":"ffod23o-input-1","source":"5uuzihb","target":"ffod23o","data":{},"events":{},"id":"edge-4gs4dyg","sourceX":1595.977643283571,"sourceY":174.26363302677908,"targetX":1584.718783354119,"targetY":52.77317761127699},{"type":"custom","updatable":true,"selectable":true,"markerEnd":"arrowclosed","sourceHandle":"cvyw9kq-output-1","targetHandle":"ta4xawk-input-1","source":"cvyw9kq","target":"ta4xawk","data":{},"events":{},"id":"edge-9o5jb0w","sourceX":2011.99301069596,"sourceY":1175.5556466438188,"targetX":1951.8105697763306,"targetY":185.5926092423672},{"type":"custom","updatable":true,"selectable":true,"markerEnd":"arrowclosed","sourceHandle":"ta4xawk-output-1","targetHandle":"oq6y5x9-input-1","source":"ta4xawk","target":"oq6y5x9","data":{},"events":{},"id":"edge-f8iixlb","sourceX":2183.8105697763303,"sourceY":185.5926092423672,"targetX":1001.1497910791518,"targetY":453.452475793246},{"type":"custom","updatable":true,"selectable":true,"markerEnd":"arrowclosed","sourceHandle":"oq6y5x9-output-1","targetHandle":"cgdody6-input-1","source":"oq6y5x9","target":"cgdody6","data":{},"events":{},"id":"edge-ymvvolr","sourceX":1233.1497910791518,"sourceY":453.452475793246,"targetX":2029.5505482516974,"targetY":366.3546678689704},{"type":"custom","updatable":true,"selectable":true,"markerEnd":"arrowclosed","sourceHandle":"2jm9yzz-output-fallback","targetHandle":"cgdody6-input-1","source":"2jm9yzz","target":"cgdody6","data":{},"events":{},"id":"edge-c5hrwpc","sourceX":2706.8586221003843,"sourceY":1024.8509917713468,"targetX":2029.5505482516974,"targetY":366.3546678689704},{"type":"custom","updatable":true,"selectable":true,"markerEnd":"arrowclosed","sourceHandle":"lyubd4p-output-fallback","targetHandle":"w90ugb2-input-1","source":"lyubd4p","target":"w90ugb2","data":{},"events":{},"id":"edge-iityz42","sourceX":2017.3986689968463,"sourceY":830.9136105150201,"targetX":2162.1714469406616,"targetY":632.7004538894566},{"type":"custom","updatable":true,"selectable":true,"markerEnd":"arrowclosed","sourceHandle":"w90ugb2-output-1","targetHandle":"35s15t3-input-1","source":"w90ugb2","target":"35s15t3","data":{},"events":{},"id":"edge-a0i79kh","sourceX":2394.1714469406616,"sourceY":632.7004538894566,"targetX":187.5197189370956,"targetY":812.2527723500195},{"type":"custom","updatable":true,"selectable":true,"markerEnd":"arrowclosed","sourceHandle":"qeazg2a-output-fallback","targetHandle":"ocpfj4t-input-1","source":"qeazg2a","target":"ocpfj4t","data":{},"events":{},"id":"edge-ovcm413","sourceX":2786.1651745347617,"sourceY":713.018271005922,"targetX":1562.762037829243,"targetY":1025.7384935016232},{"type":"custom","updatable":true,"selectable":true,"markerEnd":"arrowclosed","sourceHandle":"2zi0pd7-output-1","targetHandle":"1g7lbn3-input-1","source":"2zi0pd7","target":"1g7lbn3","data":{},"events":{},"id":"edge-kv8q2ch","sourceX":2354.8637029374877,"sourceY":729.1798361206415,"targetX":1103.1301084311483,"targetY":-36.27583999452132},{"type":"custom","updatable":true,"selectable":true,"markerEnd":"arrowclosed","sourceHandle":"1g7lbn3-output-1","targetHandle":"5uuzihb-input-1","source":"1g7lbn3","target":"5uuzihb","data":{},"events":{},"id":"edge-f5viy99","sourceX":1335.1301084311483,"sourceY":-36.27583999452132,"targetX":1363.977643283571,"targetY":174.26363302677908},{"type":"custom","updatable":true,"selectable":true,"markerEnd":"arrowclosed","sourceHandle":"gf4vmun-output-1","targetHandle":"m9cod9u-input-1","source":"gf4vmun","target":"m9cod9u","data":{},"events":{},"id":"edge-cyviuzu","sourceX":712.7802955905313,"sourceY":547.6964935813537,"targetX":1799.0234623485717,"targetY":880.1961478545599},{"type":"custom","updatable":true,"selectable":true,"markerEnd":"arrowclosed","sourceHandle":"m9cod9u-output-1","targetHandle":"2zi0pd7-input-1","source":"m9cod9u","target":"2zi0pd7","data":{},"events":{},"id":"edge-h59dg0i","sourceX":2031.0234623485717,"sourceY":880.1961478545599,"targetX":2122.8637029374877,"targetY":729.1798361206415},{"type":"custom","updatable":true,"selectable":true,"markerEnd":"arrowclosed","sourceHandle":"v1tk5l2-output-1","targetHandle":"ur6var1-input-1","source":"v1tk5l2","target":"ur6var1","data":{},"events":{},"id":"edge-u5gf3jw","sourceX":1752.1325624561334,"sourceY":522.5496142775384,"targetX":1503.4308040675653,"targetY":398.67823956233053},{"type":"custom","updatable":true,"selectable":true,"markerEnd":"arrowclosed","sourceHandle":"ur6var1-output-1","targetHandle":"5avdtd4-input-1","source":"ur6var1","target":"5avdtd4","data":{},"events":{},"id":"edge-tepkalx","sourceX":1735.4308040675653,"sourceY":398.67823956233053,"targetX":1777.6180042798806,"targetY":337.43845880425},{"type":"custom","updatable":true,"selectable":true,"markerEnd":"arrowclosed","sourceHandle":"5avdtd4-output-1","targetHandle":"2dzwvpl-input-1","source":"5avdtd4","target":"2dzwvpl","data":{},"events":{},"id":"edge-uzj8jb7","sourceX":2009.6180042798806,"sourceY":337.43845880425,"targetX":1831.8987190427242,"targetY":487.7542843013563},{"type":"custom","updatable":true,"selectable":true,"markerEnd":"arrowclosed","sourceHandle":"2dzwvpl-output-1","targetHandle":"chsl2wm-input-1","source":"2dzwvpl","target":"chsl2wm","data":{},"events":{},"id":"edge-1o1tcrh","sourceX":2063.898719042724,"sourceY":487.7542843013563,"targetX":2119.7213835360753,"targetY":581.7054751303423},{"type":"custom","updatable":true,"selectable":true,"markerEnd":"arrowclosed","sourceHandle":"h5gvpx6-output-1","targetHandle":"v1tk5l2-input-1","source":"h5gvpx6","target":"v1tk5l2","data":{},"events":{},"id":"edge-nt447w7","sourceX":901.0496568207425,"sourceY":1089.0746880443946,"targetX":1520.1325624561334,"targetY":522.5496142775384},{"type":"custom","updatable":true,"selectable":true,"markerEnd":"arrowclosed","sourceHandle":"a5ww8p4-output-1","targetHandle":"1t1sxlg-input-1","source":"a5ww8p4","target":"1t1sxlg","data":{},"events":{},"id":"vueflow__edge-a5ww8p4a5ww8p4-output-1-1t1sxlg1t1sxlg-input-1","sourceX":283.77241401305673,"sourceY":-74.04663911503042,"targetX":272.4651462742046,"targetY":44.92325604921584},{"type":"custom","updatable":true,"selectable":true,"markerEnd":"arrowclosed","sourceHandle":"1t1sxlg-output-1","targetHandle":"7w9c94f-input-1","source":"1t1sxlg","target":"7w9c94f","data":{},"events":{},"id":"vueflow__edge-1t1sxlg1t1sxlg-output-1-7w9c94f7w9c94f-input-1","sourceX":504.4651462742046,"sourceY":44.92325604921584,"targetX":-90.51893992573105,"targetY":193.234805657604},{"type":"custom","updatable":true,"selectable":true,"markerEnd":"arrowclosed","sourceHandle":"7w9c94f-output-1","targetHandle":"dhwu54i-input-1","source":"7w9c94f","target":"dhwu54i","data":{},"events":{},"id":"vueflow__edge-7w9c94f7w9c94f-output-1-dhwu54idhwu54i-input-1","sourceX":141.48106007426895,"sourceY":193.234805657604,"targetX":65.78179981622247,"targetY":411.1685145233132},{"type":"custom","updatable":true,"selectable":true,"markerEnd":"arrowclosed","sourceHandle":"dhwu54i-output-1","targetHandle":"phjttml-input-1","source":"dhwu54i","target":"phjttml","data":{},"events":{},"id":"vueflow__edge-dhwu54idhwu54i-output-1-phjttmlphjttml-input-1","sourceX":297.7817998162225,"sourceY":411.1685145233132,"targetX":454,"targetY":351}],"position":[301,234],"zoom":1,"viewport":{"x":301,"y":234,"zoom":1}},"description":"","createdAt":1744195424585},"events":{},"position":{"x":-1274.6701256797676,"y":-652.3353442038562},"id":"1s093r8","label":"block-package"}],"edges":[{"type":"custom","updatable":true,"selectable":true,"markerEnd":"arrowclosed","sourceHandle":"waa3SSDMpEa4sx9QRF93h-output-1","targetHandle":"pdrcxdr-input-1","source":"waa3SSDMpEa4sx9QRF93h","target":"pdrcxdr","data":{},"events":{},"label":"","id":"vueflow__edge-waa3SSDMpEa4sx9QRF93hwaa3SSDMpEa4sx9QRF93h-output-1-pdrcxdrpdrcxdr-input-1","sourceX":-1814.4895518286307,"sourceY":-795.1986607893617,"targetX":-1699.1283181996682,"targetY":-759.5701844863928},{"type":"custom","updatable":true,"selectable":true,"markerEnd":"arrowclosed","sourceHandle":"pdrcxdr-output-1","targetHandle":"wvape2m-input-1","source":"pdrcxdr","target":"wvape2m","data":{},"events":{},"label":"","id":"vueflow__edge-pdrcxdrpdrcxdr-output-1-wvape2mwvape2m-input-1","sourceX":-1467.1283181996682,"sourceY":-759.5701844863928,"targetX":-1676.0738089138954,"targetY":-540.7408294496597},{"type":"custom","updatable":true,"selectable":true,"markerEnd":"arrowclosed","sourceHandle":"wvape2m-output-1","targetHandle":"1s093r8-input-6hoysuj","source":"wvape2m","target":"1s093r8","data":{},"events":{},"id":"vueflow__edge-wvape2mwvape2m-output-1-1s093r81s093r8-input-6hoysuj","sourceX":-1444.0738089138954,"sourceY":-540.7408294496597,"targetX":-1295.6701256797676,"targetY":-567.1520556296374,"class":"connected-edges"}],"position":[1611.7193242026706,672.9446896768991],"zoom":0.7051489802421947,"viewport":{"x":1611.7193242026706,"y":672.9446896768991,"zoom":0.7051489802421947}},"settings":{"publicId":"","blockDelay":0,"saveLog":true,"debugMode":false,"restartTimes":3,"notification":true,"execContext":"popup","reuseLastState":false,"inputAutocomplete":true,"onError":"stop-workflow","executedBlockOnWeb":false,"insertDefaultColumn":false,"defaultColumnName":"column"},"globalData":"{\n\t\"key\": \"value\"\n}","description":"","includedWorkflows":{}}