{"extVersion":"1.28.27","name":"档案使用率","icon":"riGlobalLine","table":[],"version":"1.28.27","drawflow":{"nodes":[{"type":"BlockBasic","data":{"url":"","date":"","days":[],"time":"00:00","type":"manual","delay":5,"interval":60,"shortcut":"","isUrlRegex":false,"parameters":[],"description":"","contextTypes":[],"disableBlock":false,"activeInInput":false,"observeElement":{"selector":"","baseSelector":"","matchPattern":"","baseElOptions":{"subtree":false,"childList":true,"attributes":false,"characterData":false,"attributeFilter":[]},"targetOptions":{"subtree":false,"childList":true,"attributes":false,"characterData":false,"attributeFilter":[]}},"contextMenuName":"","preferParamsInTab":false},"events":{},"id":"YIqg8ShtqBDfFT4jsj5D1","label":"trigger","position":{"x":-658.4355142327433,"y":-629.5678967881911}},{"type":"BlockBasic","data":{"findBy":"cssSelector","markEl":false,"onError":{"toDo":"continue","retry":true,"enable":true,"insertData":false,"retryTimes":16,"dataToInsert":[],"retryInterval":1},"multiple":false,"selector":"*:nth-child(4) > *:nth-child(3) |> *:nth-child(1) > *:nth-child(12) > *:nth-child(1)","settings":{"debugMode":false,"blockTimeout":0},"description":"修改","disableBlock":false,"waitForSelector":false,"waitSelectorTimeout":5000},"events":{},"id":"l5u7i0u","label":"event-click","position":{"x":977.7151461708345,"y":-668.4955383146962}},{"type":"BlockBasic","data":{"findBy":"cssSelector","markEl":false,"onError":{"toDo":"error","retry":true,"enable":true,"insertData":false,"retryTimes":30,"dataToInsert":[],"retryInterval":2},"multiple":false,"selector":".RuoYi_iframe:nth-child(3) |> li#basic_info_li","settings":{"debugMode":false,"blockTimeout":0},"description":"基本信息","disableBlock":false,"waitForSelector":false,"waitSelectorTimeout":5000},"events":{},"id":"l1fl7jm","label":"event-click","position":{"x":1438.2822728276153,"y":-188.96098081047774}},{"type":"BlockBasic","data":{"findBy":"cssSelector","markEl":false,"onError":{"toDo":"error","retry":false,"enable":true,"insertData":false,"retryTimes":10,"dataToInsert":[],"retryInterval":1},"multiple":false,"selector":".RuoYi_iframe:nth-child(3) |> #button_save > .layui-btn","settings":{"debugMode":false,"blockTimeout":2000},"description":"保存","disableBlock":false,"waitForSelector":false,"waitSelectorTimeout":5000},"events":{},"id":"46fg0g9","label":"event-click","position":{"x":1597.4947659994891,"y":284.44860200765174}},{"type":"BlockBasic","data":{"findBy":"cssSelector","markEl":false,"onError":{"toDo":"continue","retry":false,"enable":true,"insertData":false,"retryTimes":10,"dataToInsert":[],"retryInterval":1},"multiple":false,"selector":".RuoYi_iframe:nth-child(3) |> .posttable:nth-child(2) tr:nth-child(1) label:nth-child({{variables.chufang}}) > .x-layui-input","settings":{"debugMode":false,"blockTimeout":0},"description":"无","disableBlock":false,"waitForSelector":false,"waitSelectorTimeout":6000},"events":{},"id":"bknhifx","label":"event-click","position":{"x":959.160915086022,"y":18.355887801078836}},{"type":"BlockBasic","data":{"findBy":"cssSelector","markEl":false,"onError":{"toDo":"continue","retry":true,"enable":true,"insertData":false,"retryTimes":30,"dataToInsert":[],"retryInterval":0.1},"multiple":false,"selector":".RuoYi_iframe:nth-child(3) |> a.layui-layer-btn0","settings":{"debugMode":false,"blockTimeout":0},"description":"保存确定","disableBlock":false,"waitForSelector":false,"waitSelectorTimeout":5000},"events":{},"id":"ew0gz4x","label":"event-click","position":{"x":2284.278183970778,"y":352.7293948593179}},{"type":"BlockBasic","data":{"findBy":"cssSelector","markEl":false,"onError":{"toDo":"continue","retry":false,"enable":true,"insertData":false,"retryTimes":10,"dataToInsert":[],"retryInterval":1},"multiple":false,"selector":".RuoYi_iframe:nth-child(3) |> button.btn-gray","settings":{"debugMode":false,"blockTimeout":0},"description":"返回","disableBlock":false,"waitForSelector":false,"waitSelectorTimeout":500},"events":{},"id":"yoy6wh7","label":"event-click","position":{"x":1115.5618011460142,"y":445.08636521249537}},{"type":"BlockBasic","data":{"findBy":"cssSelector","markEl":false,"onError":{"toDo":"continue","retry":false,"enable":true,"insertData":false,"retryTimes":30,"dataToInsert":[],"retryInterval":0.1},"multiple":false,"selector":".RuoYi_iframe:nth-child(3) |> a.layui-layer-btn0","settings":{"debugMode":false,"blockTimeout":0},"description":"返回确定","disableBlock":false,"waitForSelector":false,"waitSelectorTimeout":5000},"events":{},"id":"iflmrjx","label":"event-click","position":{"x":2068.477218859179,"y":520.0662825623172}},{"type":"BlockBasic","data":{"url":"http://172.30.0.253/phis/index","active":true,"inGroup":false,"tabZoom":1,"userAgent":"","description":"","disableBlock":false,"updatePrevTab":false,"waitTabLoaded":false,"customUserAgent":false},"events":{},"id":"a88e1q5","label":"new-tab","position":{"x":-304.8584925749948,"y":-631.6804493883078}},{"type":"BlockBasic","data":{"findBy":"cssSelector","markEl":false,"onError":{"toDo":"continue","retry":true,"enable":true,"insertData":false,"retryTimes":20,"dataToInsert":[],"retryInterval":1},"multiple":false,"selector":".in > li:nth-child(2) > .menuItem","settings":{"debugMode":false,"blockTimeout":0},"description":"个人档案","disableBlock":false,"waitForSelector":false,"waitSelectorTimeout":5000},"events":{},"id":"a3j2weh","label":"event-click","position":{"x":339.93112421013484,"y":-430.05441679827567}},{"type":"BlockBasic","data":{"findBy":"cssSelector","markEl":false,"onError":{"toDo":"error","retry":true,"enable":true,"insertData":false,"retryTimes":200,"dataToInsert":[],"retryInterval":0.1},"multiple":false,"selector":".RuoYi_iframe:nth-child(3) |> .right > a:nth-child(5) > .layui-icon","settings":{"debugMode":false,"blockTimeout":0},"description":"尾页","disableBlock":false,"waitForSelector":false,"waitSelectorTimeout":5000},"events":{},"id":"ak3axc2","label":"event-click","position":{"x":273.1443580779014,"y":-228.04891468713475}},{"type":"BlockRepeatTask","data":{"repeatFor":"1500","disableBlock":false},"events":{},"id":"f064wsn","label":"repeat-task","position":{"x":511.8606032166265,"y":-521.2565078749249}},{"type":"BlockDelay","data":{"time":"1000","disableBlock":false},"events":{},"id":"kjj1677","label":"delay","position":{"x":1278.5864605626045,"y":262.6679885084541}},{"type":"BlockDelay","data":{"time":"4000","disableBlock":false},"events":{},"id":"wo7v7yb","label":"delay","position":{"x":1208.8905024811625,"y":1109.1533918898272}},{"type":"BlockDelay","data":{"time":"1000","disableBlock":false},"events":{},"id":"r2uu6ff","label":"delay","position":{"x":791.1321782065979,"y":427.66256367458055}},{"type":"BlockDelay","data":{"time":"3000","disableBlock":false},"events":{},"id":"3x3qmc2","label":"delay","position":{"x":-257.2055491762568,"y":429.1123749459033}},{"type":"BlockDelay","data":{"time":500,"disableBlock":false},"events":{},"id":"nrnido1","label":"delay","position":{"x":-95.68305827237066,"y":-242.99568835381788}},{"type":"BlockBasic","data":{"findBy":"cssSelector","markEl":false,"onError":{"toDo":"continue","retry":false,"enable":true,"insertData":false,"retryTimes":10,"dataToInsert":[],"retryInterval":1},"multiple":false,"selector":"iframe:nth-child(3) |> table:nth-child(2) > tbody > tr:nth-child(5) label:nth-child(1) > input","settings":{"debugMode":false,"blockTimeout":0},"description":"无","disableBlock":false,"waitForSelector":false,"waitSelectorTimeout":6000},"events":{},"id":"g7dsd85","label":"event-click","position":{"x":986.1972962283926,"y":270.4433925656218}},{"type":"BlockBasic","data":{"type":"text-field","delay":0,"value":"","events":[],"findBy":"cssSelector","markEl":false,"onError":{"toDo":"error","retry":true,"enable":true,"insertData":false,"retryTimes":200,"dataToInsert":[],"retryInterval":0.1},"getValue":true,"multiple":false,"saveData":false,"selected":true,"selector":"*:nth-child(4) > *:nth-child(3) |> *:nth-child(1) > *:nth-child(12) > *:nth-child(1)","settings":{"debugMode":false,"blockTimeout":0},"clearValue":true,"dataColumn":"","description":"修改存在","disableBlock":false,"variableName":"","assignVariable":false,"optionPosition":"1","selectOptionBy":"value","waitForSelector":false,"waitSelectorTimeout":5000},"events":{},"id":"9aj2n9f","label":"forms","position":{"x":955.7644284960377,"y":-786.5249774915555}},{"type":"BlockBasic","data":{"type":"text-field","delay":0,"value":"","events":[],"findBy":"cssSelector","markEl":false,"onError":{"retry":true,"enable":true,"retryTimes":20,"retryInterval":0.2,"toDo":"fallback","insertData":false,"dataToInsert":[]},"getValue":true,"multiple":false,"saveData":false,"selected":true,"selector":"iframe:nth-child(3) |> fieldset:nth-child(2) > table:nth-child(2) tr:nth-child(1) label:nth-child(1) > input","settings":{"blockTimeout":0,"debugMode":false},"clearValue":true,"dataColumn":"","description":"","disableBlock":false,"variableName":"","assignVariable":false,"optionPosition":"1","selectOptionBy":"value","waitForSelector":false,"waitSelectorTimeout":5000},"events":{},"id":"8v692xk","label":"forms","position":{"x":953.1519194535729,"y":-209.29566624348132}},{"type":"BlockDelay","data":{"time":"3000","disableBlock":false},"events":{},"id":"mey0oqj","label":"delay","position":{"x":1963.8191428942432,"y":275.0627666611537}},{"type":"BlockDelay","data":{"time":"2000","settings":{"debugMode":false,"blockTimeout":0},"disableBlock":false},"events":{},"id":"0ge6i6p","label":"delay","position":{"x":1457.342557389812,"y":419.95430434409286}},{"type":"BlockBasic","data":{"findBy":"cssSelector","markEl":false,"onError":{"toDo":"continue","retry":false,"enable":true,"insertData":false,"retryTimes":30,"dataToInsert":[],"retryInterval":0.1},"multiple":false,"selector":".RuoYi_iframe:nth-child(3) |> a.layui-layer-btn0","settings":{"debugMode":false,"blockTimeout":0},"description":"返回确定","disableBlock":false,"waitForSelector":false,"waitSelectorTimeout":5000},"events":{},"id":"xqk99ra","label":"event-click","position":{"x":1928.736022506487,"y":974.8383864665999}},{"type":"BlockDelay","data":{"time":"1000","settings":{"debugMode":false,"blockTimeout":0},"disableBlock":false},"events":{},"id":"xqy1xc3","label":"delay","position":{"x":1748.8989487066292,"y":543.9886178142721}},{"type":"BlockDelay","data":{"time":"1000","settings":{"debugMode":false,"blockTimeout":0},"disableBlock":false},"events":{},"id":"pnb8sr2","label":"delay","position":{"x":1756.7821325898117,"y":1075.2968958579238}},{"type":"BlockBasic","data":{"findBy":"cssSelector","markEl":false,"onError":{"toDo":"continue","retry":false,"enable":true,"insertData":false,"retryTimes":30,"dataToInsert":[],"retryInterval":0.1},"multiple":false,"selector":".RuoYi_iframe:nth-child(3) |> a.layui-layer-btn0","settings":{"debugMode":false,"blockTimeout":0},"description":"返回确定","disableBlock":false,"waitForSelector":false,"waitSelectorTimeout":5000},"events":{},"id":"z40mu0b","label":"event-click","position":{"x":1041.4088905003737,"y":987.0169833386357}},{"type":"BlockBasic","data":{"type":"text-field","delay":0,"value":"15036622384","events":[],"findBy":"cssSelector","markEl":false,"onError":{"toDo":"error","retry":true,"enable":true,"insertData":false,"retryTimes":100,"dataToInsert":[],"retryInterval":0.1},"getValue":false,"multiple":false,"saveData":false,"selected":true,"selector":".RuoYi_iframe:nth-child(3) |> tr:nth-child(15) > td","settings":{"debugMode":false,"blockTimeout":0},"clearValue":true,"dataColumn":"","description":"","disableBlock":false,"variableName":"","assignVariable":false,"optionPosition":"1","selectOptionBy":"value","waitForSelector":false,"waitSelectorTimeout":5000},"events":{},"id":"tdctu4y","label":"forms","position":{"x":1144.0913334352172,"y":-334.5676632664441}},{"type":"BlockBasic","data":{"type":"text-field","delay":0,"value":"15036622384","events":[],"findBy":"cssSelector","markEl":false,"onError":{"toDo":"error","retry":true,"enable":true,"insertData":false,"retryTimes":100,"dataToInsert":[],"retryInterval":0.1},"getValue":false,"multiple":false,"saveData":false,"selected":true,"selector":".RuoYi_iframe:nth-child(3) |> input#text_guardianPhoneOne","settings":{"debugMode":false,"blockTimeout":0},"clearValue":true,"dataColumn":"","description":"","disableBlock":false,"variableName":"","assignVariable":false,"optionPosition":"1","selectOptionBy":"value","waitForSelector":false,"waitSelectorTimeout":5000},"events":{},"id":"75al11v","label":"forms","position":{"x":1529.3508830952399,"y":-318.2981516914274}},{"type":"BlockConditions","data":{"conditions":[{"id":"3Ek4yJfonswwXWX0Labi-","name":"Path 1","conditions":[{"id":"-RJQXkZkhFKCvR0pBrUac","conditions":[{"id":"_ViT8D5qjhULOl96EJqUj","items":[{"id":"xfB3JINKCW7l7ZWXXTudf","data":{"value":"{{variables.wei}}"},"type":"value","category":"value"},{"id":"HSWvb6b1PyyLg3HHPanNS","type":"eq","category":"compare"},{"id":"pFsTqqzHgQg6ylT-sUDB7","data":{"value":"1"},"type":"value","category":"value"}]}]}]}],"retryCount":10,"description":"","disableBlock":false,"retryTimeout":1000,"retryConditions":false},"events":{},"id":"njvzk0e","label":"conditions","position":{"x":173.5414121500612,"y":123.78917852601101}},{"type":"BlockBasic","data":{"findBy":"cssSelector","markEl":false,"onError":{"toDo":"error","retry":true,"enable":true,"insertData":false,"retryTimes":200,"dataToInsert":[],"retryInterval":0.1},"multiple":false,"selector":".RuoYi_iframe:nth-child(3) |> .right > a:nth-child(5) > .layui-icon","settings":{"debugMode":false,"blockTimeout":0},"description":"尾页","disableBlock":false,"waitForSelector":false,"waitSelectorTimeout":5000},"events":{},"id":"c72emep","label":"event-click","position":{"x":-228.68531400954134,"y":-37.27820198293276}},{"type":"BlockBasic","data":{"type":"text-field","delay":0,"value":"","events":[],"findBy":"cssSelector","markEl":false,"onError":{"toDo":"fallback","retry":true,"enable":true,"insertData":false,"retryTimes":100,"dataToInsert":[],"retryInterval":0.1},"getValue":true,"multiple":false,"saveData":false,"selected":true,"selector":".RuoYi_iframe:nth-child(3) |> input#gotoPageNo","settings":{"debugMode":false,"blockTimeout":0},"clearValue":true,"dataColumn":"","description":"","disableBlock":false,"variableName":"wei","assignVariable":true,"optionPosition":"1","selectOptionBy":"value","waitForSelector":false,"waitSelectorTimeout":5000},"events":{},"id":"gzt5i6t","label":"forms","position":{"x":-238.8203746972103,"y":207.42552615318215}},{"type":"BlockBasic","data":{"findBy":"cssSelector","markEl":false,"onError":{"toDo":"continue","retry":false,"enable":true,"insertData":false,"retryTimes":10,"dataToInsert":[],"retryInterval":1},"multiple":false,"selector":".RuoYi_iframe:nth-child(3) |> td:nth-child(4) > label:nth-child(3) > .x-layui-input","settings":{"debugMode":false,"blockTimeout":0},"description":"RH","disableBlock":false,"waitForSelector":false,"waitSelectorTimeout":6000},"events":{},"id":"2ryad7s","label":"event-click","position":{"x":1599.0940253919864,"y":29.740760220951756}},{"type":"BlockBasic","data":{"findBy":"cssSelector","markEl":false,"onError":{"toDo":"continue","retry":false,"enable":true,"insertData":false,"retryTimes":10,"dataToInsert":[],"retryInterval":1},"multiple":false,"selector":".RuoYi_iframe:nth-child(3) |> tr:nth-child(6) label:nth-child(5) > .x-layui-input","settings":{"debugMode":false,"blockTimeout":0},"description":"血型","disableBlock":false,"waitForSelector":false,"waitSelectorTimeout":6000},"events":{},"id":"0ripad9","label":"event-click","position":{"x":1313.3590542894365,"y":33.033156273394766}},{"type":"BlockBasic","data":{"findBy":"cssSelector","markEl":false,"onError":{"toDo":"continue","retry":false,"enable":true,"insertData":false,"retryTimes":10,"dataToInsert":[],"retryInterval":1},"multiple":false,"selector":".RuoYi_iframe:nth-child(3) |> td > label:nth-child(2) > .checkboxGroup","settings":{"debugMode":false,"blockTimeout":0},"description":"城乡","disableBlock":false,"waitForSelector":false,"waitSelectorTimeout":6000},"events":{},"id":"irplfpe","label":"event-click","position":{"x":2042.0803796336706,"y":-21.527708630796}},{"type":"BlockBasic","data":{"type":"text-field","delay":0,"value":"无","events":[],"findBy":"cssSelector","markEl":false,"onError":{"toDo":"error","retry":false,"enable":false,"insertData":false,"retryTimes":100,"dataToInsert":[],"retryInterval":0.1},"getValue":false,"multiple":false,"saveData":false,"selected":true,"selector":".RuoYi_iframe:nth-child(3) |> input#firstGuardian","settings":{"debugMode":false,"blockTimeout":0},"clearValue":true,"dataColumn":"","description":"联系人","disableBlock":false,"variableName":"","assignVariable":false,"optionPosition":"1","selectOptionBy":"value","waitForSelector":false,"waitSelectorTimeout":5000},"events":{},"id":"kk1qd5g","label":"forms","position":{"x":2503.2007236748077,"y":12.884152846117516}},{"type":"BlockBasic","data":{"type":"text-field","delay":0,"value":"无","events":[],"findBy":"cssSelector","markEl":false,"onError":{"toDo":"error","retry":false,"enable":false,"insertData":false,"retryTimes":100,"dataToInsert":[],"retryInterval":0.1},"getValue":false,"multiple":false,"saveData":false,"selected":true,"selector":".RuoYi_iframe:nth-child(3) |> input#unitName","settings":{"debugMode":false,"blockTimeout":0},"clearValue":true,"dataColumn":"","description":"工作单位","disableBlock":false,"variableName":"","assignVariable":false,"optionPosition":"1","selectOptionBy":"value","waitForSelector":false,"waitSelectorTimeout":5000},"events":{},"id":"en6itga","label":"forms","position":{"x":563.40288333787,"y":258.75839405327156}},{"type":"BlockBasic","data":{"type":"select","delay":0,"value":"无","events":[],"findBy":"cssSelector","markEl":false,"onError":{"toDo":"error","retry":false,"enable":false,"insertData":false,"retryTimes":100,"dataToInsert":[],"retryInterval":0.1},"getValue":false,"multiple":false,"saveData":false,"selected":true,"selector":".RuoYi_iframe:nth-child(3) |> input#unitName","settings":{"debugMode":false,"blockTimeout":0},"clearValue":true,"dataColumn":"","description":"文化程度","disableBlock":false,"variableName":"","assignVariable":false,"optionPosition":"1","selectOptionBy":"last-option","waitForSelector":false,"waitSelectorTimeout":5000},"events":{},"id":"phufzhh","label":"forms","position":{"x":749.7696944141089,"y":286.4916667698211}},{"type":"BlockBasic","data":{"type":"select","delay":0,"value":"无","events":[],"findBy":"cssSelector","markEl":false,"onError":{"toDo":"error","retry":false,"enable":false,"insertData":false,"retryTimes":100,"dataToInsert":[],"retryInterval":0.1},"getValue":false,"multiple":false,"saveData":false,"selected":true,"selector":".RuoYi_iframe:nth-child(3) |> select#occupation","settings":{"debugMode":false,"blockTimeout":0},"clearValue":true,"dataColumn":"","description":"职业","disableBlock":false,"variableName":"","assignVariable":false,"optionPosition":"1","selectOptionBy":"last-option","waitForSelector":false,"waitSelectorTimeout":5000},"events":{},"id":"voxuh73","label":"forms","position":{"x":1139.6022875627527,"y":132.87502330139003}},{"type":"BlockBasic","data":{"findBy":"cssSelector","markEl":false,"onError":{"toDo":"continue","retry":false,"enable":true,"insertData":false,"retryTimes":10,"dataToInsert":[],"retryInterval":1},"multiple":false,"selector":".RuoYi_iframe:nth-child(3) |> tr:nth-child(2) label:nth-child({{variables.ranliao}}) > .x-layui-input","settings":{"debugMode":false,"blockTimeout":0},"description":"液化气","disableBlock":false,"waitForSelector":false,"waitSelectorTimeout":6000},"events":{},"id":"vs67odo","label":"event-click","position":{"x":1625.7728685349807,"y":146.68799240226448}},{"type":"BlockBasic","data":{"findBy":"cssSelector","markEl":false,"onError":{"toDo":"continue","retry":false,"enable":true,"insertData":false,"retryTimes":10,"dataToInsert":[],"retryInterval":1},"multiple":false,"selector":"iframe:nth-child(3) |> fieldset:nth-child(2) tr:nth-child(4) label:nth-child({{variables.cesuo}}) > input","settings":{"debugMode":false,"blockTimeout":0},"description":"卫生厕所","disableBlock":false,"waitForSelector":false,"waitSelectorTimeout":6000},"events":{},"id":"y4wpaxw","label":"event-click","position":{"x":1933.8285383034547,"y":141.75497277360196}},{"type":"BlockBasic","data":{"findBy":"cssSelector","markEl":false,"onError":{"toDo":"continue","retry":false,"enable":true,"insertData":false,"retryTimes":10,"dataToInsert":[],"retryInterval":1},"multiple":false,"selector":".RuoYi_iframe:nth-child(3) |> tr:nth-child(8) > td:nth-child(2) > label:nth-child(1) > .x-layui-input","settings":{"debugMode":false,"blockTimeout":0},"description":"婚姻","disableBlock":false,"waitForSelector":false,"waitSelectorTimeout":6000},"events":{},"id":"ol71e77","label":"event-click","position":{"x":2261.058888970695,"y":131.05727909362272}},{"type":"BlockBasic","data":{"type":"select","delay":0,"value":"无","events":[],"findBy":"cssSelector","markEl":false,"onError":{"toDo":"error","retry":false,"enable":false,"insertData":false,"retryTimes":100,"dataToInsert":[],"retryInterval":0.1},"getValue":false,"multiple":false,"saveData":false,"selected":true,"selector":".RuoYi_iframe:nth-child(3) |> select#education","settings":{"debugMode":false,"blockTimeout":0},"clearValue":true,"dataColumn":"","description":"文化程度","disableBlock":false,"variableName":"","assignVariable":false,"optionPosition":"1","selectOptionBy":"last-option","waitForSelector":false,"waitSelectorTimeout":5000},"events":{},"id":"n27vpbk","label":"forms","position":{"x":2515.969885477971,"y":167.0263115047334}},{"type":"BlockBasic","data":{"type":"select","delay":0,"value":"{{variables.zhen}}","events":[],"findBy":"cssSelector","markEl":false,"onError":{"toDo":"error","retry":false,"enable":false,"insertData":false,"retryTimes":100,"dataToInsert":[],"retryInterval":0.1},"getValue":false,"multiple":false,"saveData":false,"selected":true,"selector":".RuoYi_iframe:nth-child(3) |> select#hrtownShip","settings":{"debugMode":false,"blockTimeout":0},"clearValue":true,"dataColumn":"","description":"镇","disableBlock":false,"variableName":"","assignVariable":false,"optionPosition":"7","selectOptionBy":"custom-position","waitForSelector":false,"waitSelectorTimeout":5000},"events":{},"id":"960yj59","label":"forms","position":{"x":1674.6051449134764,"y":-721.9205659015}},{"type":"BlockBasic","data":{"type":"select","delay":0,"value":"{{variables.cun}}","events":[],"findBy":"cssSelector","markEl":false,"onError":{"toDo":"error","retry":false,"enable":false,"insertData":false,"retryTimes":100,"dataToInsert":[],"retryInterval":0.1},"getValue":false,"multiple":false,"saveData":false,"selected":true,"selector":".RuoYi_iframe:nth-child(3) |> select#hrstreet","settings":{"debugMode":false,"blockTimeout":0},"clearValue":true,"dataColumn":"","description":"村","disableBlock":false,"variableName":"","assignVariable":false,"optionPosition":"28","selectOptionBy":"custom-position","waitForSelector":false,"waitSelectorTimeout":5000},"events":{},"id":"lpch92h","label":"forms","position":{"x":2050.762302710965,"y":-849.2463731343555}},{"type":"BlockDelay","data":{"time":"600","disableBlock":false},"events":{},"id":"c7blbln","label":"delay","position":{"x":1990.580982109168,"y":-545.1016335520677}},{"type":"BlockBasic","data":{"type":"text-field","delay":0,"value":"1","events":[],"findBy":"cssSelector","markEl":false,"onError":{"toDo":"error","retry":false,"enable":false,"insertData":false,"retryTimes":100,"dataToInsert":[],"retryInterval":0.1},"getValue":false,"multiple":false,"saveData":false,"selected":true,"selector":".RuoYi_iframe:nth-child(3) |> textarea#text_hrhouseNumber","settings":{"debugMode":false,"blockTimeout":0},"clearValue":true,"dataColumn":"","description":"文化程度","disableBlock":false,"variableName":"","assignVariable":false,"optionPosition":"28","selectOptionBy":"custom-position","waitForSelector":false,"waitSelectorTimeout":5000},"events":{},"id":"r7w78mx","label":"forms","position":{"x":2543.283841967032,"y":-469.95452332892614}},{"type":"BlockBasic","data":{"findBy":"cssSelector","markEl":false,"onError":{"toDo":"continue","retry":false,"enable":true,"insertData":false,"retryTimes":10,"dataToInsert":[],"retryInterval":1},"multiple":false,"selector":".RuoYi_iframe:nth-child(3) |> .lose:nth-child(2) > .checkboxGroup","settings":{"debugMode":false,"blockTimeout":0},"description":"城乡","disableBlock":false,"waitForSelector":false,"waitSelectorTimeout":6000},"events":{},"id":"xjmth0j","label":"event-click","position":{"x":2212.120391189545,"y":-110.44608637653268}},{"type":"BlockBasic","data":{"disableBlock":false},"events":{},"id":"ysp49bt","label":"active-tab","position":{"x":0.2491610540137117,"y":-711.1729481351897}},{"type":"BlockBasic","data":{"type":"text-field","delay":0,"value":"","events":[],"findBy":"cssSelector","markEl":false,"getValue":true,"multiple":false,"saveData":false,"selected":true,"selector":"span.user-name","clearValue":true,"dataColumn":"","description":"姓名存在","disableBlock":false,"variableName":"","assignVariable":false,"optionPosition":"1","selectOptionBy":"value","waitForSelector":false,"waitSelectorTimeout":5000},"events":{},"id":"eujzycm","label":"forms","position":{"x":-235.9570194395144,"y":-1176.8809980916376}},{"type":"BlockBasic","data":{"code":"// 创建一个代表特定时间的 Date 对象\nconst specificTime = new Date('2025-12-31T23:59:59');\n\n// 获取当前时间的 Date 对象\nconst currentTime = new Date();\n\n// 比较当前时间和特定时间\nif (currentTime > specificTime) {\n    // 如果当前时间晚于特定时间，设置 status 为 0       到期 到期 到期 到期\n   automaSetVariable('status', 0)\n    console.log(\"当前时间超出2025年2月6日18:00，status 设置为：\", status);\n} else {\n    // 如果当前时间早于或等于特定时间，status 可以保持默认值或设置为其他值\n    automaSetVariable('status', 1) // 或者其他默认值\n    console.log(\"当前时间未超出2025年2月6日18:00，status 设置为：\", status);\n}","context":"website","timeout":20000,"description":"合法期限","everyNewTab":false,"disableBlock":false,"runBeforeLoad":false,"preloadScripts":[]},"events":{},"id":"wkkq1um","label":"javascript-code","position":{"x":470.4724002983389,"y":-1150.9051272825698}},{"type":"BlockConditions","data":{"settings":{"debugMode":false,"blockTimeout":0},"conditions":[{"id":"vB_oRhUXH_YmVnD6B-XvB","name":"Path 1","conditions":[{"id":"mP68e1kJh-K9rZprFJ4sl","conditions":[{"id":"duViMBVPDVsbO487m0U3_","items":[{"id":"heAPB9Vr_Uyqg--Wr4Dot","data":{"value":"{{variables.status}}"},"type":"value","category":"value"},{"id":"p_ROmM3amasOQ7nimi0WL","type":"eq","category":"compare"},{"id":"g7_3iK3BC4qiaYE41M4Ug","data":{"value":"0"},"type":"value","category":"value"}]}]}]}],"retryCount":10,"description":"","disableBlock":false,"retryTimeout":1000,"retryConditions":false},"events":{},"id":"1kia4cl","label":"conditions","position":{"x":505.4233015146201,"y":-912.0536378452064}},{"type":"BlockBasic","data":{"type":"text-field","delay":0,"value":"{{variables.status}}","events":[],"findBy":"cssSelector","markEl":false,"onError":{"toDo":"error","retry":false,"enable":true,"insertData":false,"retryTimes":1,"dataToInsert":[],"retryInterval":2},"getValue":false,"multiple":false,"saveData":false,"selected":true,"selector":"cuowuasdaadaaa","settings":{"debugMode":false,"blockTimeout":0},"clearValue":true,"dataColumn":"","description":"姓名存在","disableBlock":false,"variableName":"","assignVariable":false,"optionPosition":"1","selectOptionBy":"value","waitForSelector":false,"waitSelectorTimeout":5000},"events":{},"id":"muly5rm","label":"forms","position":{"x":940.2805591629419,"y":-1408.618332823509}},{"type":"BlockBasic","data":{"findBy":"cssSelector","markEl":false,"onError":{"toDo":"continue","retry":true,"enable":true,"insertData":false,"retryTimes":16,"dataToInsert":[],"retryInterval":1},"multiple":false,"selector":".RuoYi_iframe:nth-child(3) |> li#basic_info_li","settings":{"debugMode":false,"blockTimeout":0},"description":"基本信息","disableBlock":false,"waitForSelector":false,"waitSelectorTimeout":5000},"events":{},"id":"qjfesin","label":"event-click","position":{"x":1205.1786990985738,"y":-615.0196539139679}},{"type":"BlockBasic","data":{"type":"text-field","delay":0,"value":"15036622384","events":[],"findBy":"cssSelector","markEl":false,"onError":{"toDo":"error","retry":true,"enable":true,"insertData":false,"retryTimes":100,"dataToInsert":[],"retryInterval":0.1},"getValue":true,"multiple":false,"saveData":false,"selected":true,"selector":".RuoYi_iframe:nth-child(3) |> li#basic_info_li","settings":{"debugMode":false,"blockTimeout":0},"clearValue":true,"dataColumn":"","description":"基本信息存在","disableBlock":false,"variableName":"","assignVariable":false,"optionPosition":"1","selectOptionBy":"value","waitForSelector":false,"waitSelectorTimeout":5000},"events":{},"id":"urrawge","label":"forms","position":{"x":936.9261274371054,"y":-545.6753020066146}},{"type":"BlockBasic","data":{"type":"text-field","delay":0,"value":"15036622384","events":[],"findBy":"cssSelector","markEl":false,"onError":{"retry":true,"enable":true,"retryTimes":50,"retryInterval":0.1,"toDo":"fallback","insertData":false,"dataToInsert":[]},"getValue":true,"multiple":false,"saveData":false,"selected":true,"selector":".RuoYi_iframe:nth-child(3) |> .posttable > * > *:nth-child(2) > *:nth-child(4) > *","settings":{"blockTimeout":0,"debugMode":false},"clearValue":true,"dataColumn":"","description":"","disableBlock":false,"variableName":"","assignVariable":false,"optionPosition":"1","selectOptionBy":"value","waitForSelector":false,"waitSelectorTimeout":5000},"events":{},"id":"c5xt30o","label":"forms","position":{"x":508.71543802172823,"y":-271.84984966856257}},{"type":"BlockBasic","data":{"code":"automaSetVariable('chufang', Math.floor(Math.random() * 3) + 1);\n\nautomaSetVariable('ranliao', Math.floor(Math.random() * 5) + 1);\n\nautomaSetVariable('shui', Math.floor(Math.random() * 2) + 1);\n\nautomaSetVariable('cesuo', Math.floor(Math.random() * 3) + 1);","context":"website","timeout":20000,"description":"","everyNewTab":false,"disableBlock":false,"runBeforeLoad":false,"preloadScripts":[]},"events":{},"id":"ln3by6i","label":"javascript-code","position":{"x":955.2378142356422,"y":-81.20556959255856}},{"type":"BlockConditions","data":{"conditions":[{"id":"e2L7coxgXJZwePZRhPA0T","name":"Path 1","conditions":[{"id":"fPfDpu4ljO894m4CBujIg","conditions":[{"id":"RAyw0TZK-gBxEObhOPVFG","items":[{"id":"6OFq8TuAorQt2w3rXevpF","data":{"value":"{{variables.cesuo}}"},"type":"value","category":"value"},{"id":"rbthTZ8Dp6tTjjuFEy7UW","type":"eq","category":"compare"},{"id":"RXhJ75s-PvFJL7viWdGNc","data":{"value":"3"},"type":"value","category":"value"}]}]}]}],"retryCount":10,"description":"","disableBlock":false,"retryTimeout":1000,"retryConditions":false},"events":{},"id":"bnh6egh","label":"conditions","position":{"x":1723.6847824278107,"y":-117.70406045317252}},{"type":"BlockBasic","data":{"findBy":"cssSelector","markEl":false,"onError":{"toDo":"continue","retry":false,"enable":true,"insertData":false,"retryTimes":10,"dataToInsert":[],"retryInterval":1},"multiple":false,"selector":"iframe:nth-child(3) |> tbody:nth-child(1) > tr:nth-child(4) > td > label:nth-child(3) > input","settings":{"debugMode":false,"blockTimeout":0},"description":"卫生厕所","disableBlock":false,"waitForSelector":false,"waitSelectorTimeout":6000},"events":{},"id":"qcyy98m","label":"event-click","position":{"x":2013.7644509263441,"y":123.86833187796425}},{"type":"BlockBasic","data":{"findBy":"cssSelector","markEl":false,"onError":{"toDo":"continue","retry":false,"enable":true,"insertData":false,"retryTimes":10,"dataToInsert":[],"retryInterval":1},"multiple":false,"selector":"iframe:nth-child(3) |> fieldset:nth-child(2) tr:nth-child(3) label:nth-child({{variables.shui}}) > input","settings":{"debugMode":false,"blockTimeout":0},"description":"水","disableBlock":false,"waitForSelector":false,"waitSelectorTimeout":6000},"events":{},"id":"nhtymqb","label":"event-click","position":{"x":1370.489470774075,"y":122.64052996664054}},{"type":"BlockDelay","data":{"time":"6000","disableBlock":false},"events":{},"id":"aqncna7","label":"delay","position":{"x":1532.7821805057754,"y":-572.8990444965492}},{"type":"BlockDelay","data":{"time":"600","disableBlock":false},"events":{},"id":"lgpqx0n","label":"delay","position":{"x":1254.7282033286492,"y":-753.5800134747776}},{"type":"BlockBasic","data":{"findBy":"cssSelector","markEl":false,"onError":{"toDo":"error","retry":false,"enable":true,"insertData":false,"retryTimes":10,"dataToInsert":[],"retryInterval":1},"multiple":false,"selector":".RuoYi_iframe:nth-child(3) |> .pop_No:nth-child(8) > #button_save > .layui-btn","settings":{"debugMode":false,"blockTimeout":2000},"description":"保存","disableBlock":false,"waitForSelector":false,"waitSelectorTimeout":5000},"events":{},"id":"b7yblpw","label":"event-click","position":{"x":1912.4225223725161,"y":683.1770481366162}},{"type":"BlockDelay","data":{"time":"3000","disableBlock":false},"events":{},"id":"baklkrn","label":"delay","position":{"x":2232.965694746996,"y":603.537254143308}},{"type":"BlockBasic","data":{"findBy":"cssSelector","markEl":false,"onError":{"toDo":"continue","retry":true,"enable":true,"insertData":false,"retryTimes":30,"dataToInsert":[],"retryInterval":0.1},"multiple":false,"selector":".RuoYi_iframe:nth-child(3) |> a.layui-layer-btn0","settings":{"debugMode":false,"blockTimeout":0},"description":"保存确定","disableBlock":false,"waitForSelector":false,"waitSelectorTimeout":5000},"events":{},"id":"2ec25l9","label":"event-click","position":{"x":2567.1177037868842,"y":586.4447630391635}},{"type":"BlockDelay","data":{"time":"3000","disableBlock":false},"events":{},"id":"9pepq0q","label":"delay","position":{"x":2908.432846944377,"y":517.3043671284337}},{"type":"BlockConditions","data":{"description":"权限设置","disableBlock":false,"conditions":[{"id":"luNkJhTyoIwq4oMLHsZD_","name":"Path 1","conditions":[{"id":"7WWyauxsAqN4yEMS3W0Js","conditions":[{"id":"yKjnG1-EZNIcVrva7Tbyk","items":[{"type":"element#text","category":"value","data":{"selector":"span#userNameSpan"},"id":"ScQPZsxVlUgvgxzJysHcz"},{"category":"compare","type":"cnt","id":"WoU8CheEufUQ4UryTrqXT"},{"type":"value","category":"value","data":{"value":"厚坡镇饶营村卫生所"},"id":"OUbb_DSL76x7ZNYaftB_0"}]}]},{"id":"XEvzlHvvPExS6fHY2c4BQ","conditions":[{"id":"jsAjxddz_bAYZCAO3CX6V","items":[{"type":"element#text","category":"value","data":{"selector":"span#userNameSpan"},"id":"9WFD5Yql_NBTUj0FI2jZ1"},{"category":"compare","type":"cnt","id":"swpTPm4SyKLExQclh1vlF"},{"type":"value","category":"value","data":{"value":"上集镇山根村卫生所"},"id":"Q_PAf3IuXgAQ_qGIGlzuX"}]}]},{"id":"c9gLmktFt51WmxlBZJvW4","conditions":[{"id":"53QHep3oXWI4z6DCPs1RJ","items":[{"type":"element#text","category":"value","data":{"selector":"span#userNameSpan"},"id":"davU2tF7oL4ohd4Wv-fPt"},{"category":"compare","type":"cnt","id":"UdI_eFua5ZFliK9hE1752"},{"type":"value","category":"value","data":{"value":"九重镇张河村卫生所"},"id":"x5GlG5R7Oio_KpIByebCe"}]}]},{"id":"-DhCrhKekccU5c7OfzI63","conditions":[{"id":"pmPfUStTp79AJUgKMOeFd","items":[{"type":"element#text","category":"value","data":{"selector":"span#userNameSpan"},"id":"FwASJyf4dbBA6NeaK1M9W"},{"category":"compare","type":"cnt","id":"eqpE3tdzpIxjZHePL-Vh2"},{"type":"value","category":"value","data":{"value":"厚坡镇前河村卫生所"},"id":"J1MX5wwl3KSzvWjz228VI"}]}]},{"id":"dn0cVLsZrH8hMUO1fI-hL","conditions":[{"id":"5ryJmshS_YlBeppQaxXC-","items":[{"type":"element#text","category":"value","data":{"selector":"span#userNameSpan"},"id":"gke9XRXc5bjgEeyL1Hq77"},{"category":"compare","type":"cnt","id":"LPJ8lCgHca84YCywNTWUz"},{"type":"value","category":"value","data":{"value":"厚坡镇马王港村卫生所"},"id":"M6AoFv0455J0wKxMbbS-B"}]}]},{"id":"hQWdCFG3fQg8kDuMuO8bb","conditions":[{"id":"LDq-vS_-9CFbav75UW0DW","items":[{"type":"element#text","category":"value","data":{"selector":"span#userNameSpan"},"id":"KZ4k512Nj3tU3FWI1_h0J"},{"category":"compare","type":"cnt","id":"V3VLdhv31ks6vyckpc-T8"},{"type":"value","category":"value","data":{"value":"厚坡镇裴岗村卫生所"},"id":"h7X4dYJrPGQ8CWhK1gh00"}]}]},{"id":"6edilahMIpHlOi8hYpNGB","conditions":[{"id":"9tGDRxgg5e3IA0iVBJrSd","items":[{"type":"element#text","category":"value","data":{"selector":"span#userNameSpan"},"id":"-rLN4kSLT2EN4hhAKe1rN"},{"category":"compare","type":"cnt","id":"z_W2LzpfRtuhywluUFGY1"},{"type":"value","category":"value","data":{"value":"香花镇吴田村卫生所"},"id":"UM6i6l015uZ5mwYQshSR6"}]}]},{"id":"eja_TjVh5DxgazBprbxe7","conditions":[{"id":"ytZFtAVrDEY60lZql6dhd","items":[{"type":"element#text","category":"value","data":{"selector":"span#userNameSpan"},"id":"BRl8GKio-DZy5cAp-eMTK"},{"category":"compare","type":"cnt","id":"pGS4ncVcu-9a_P0jvd6dE"},{"type":"value","category":"value","data":{"value":"厚坡镇柴沟村卫生所"},"id":"2wGVzM5ic5ZZ8IeLksiOD"}]}]},{"id":"fDp6oqP6rakrg2vPWO6W6","conditions":[{"id":"07U6FINrlPxsySzzCO1Au","items":[{"type":"element#text","category":"value","data":{"selector":"span#userNameSpan"},"id":"2HUsHGEtv0IgaGk6ejtDV"},{"category":"compare","type":"cnt","id":"NrEFWfQS-p7ISwRwUxPfe"},{"type":"value","category":"value","data":{"value":"九重镇刘营村卫生所"},"id":"YtgrgbevHIiPbUn3Rii24"}]}]},{"id":"zw068NIknR4O_4jNHlo71","conditions":[{"id":"ysfThZBAa_icNjYjogS02","items":[{"type":"element#text","category":"value","data":{"selector":"span#userNameSpan"},"id":"5xVwwKQowtCoHdG06ddmi"},{"category":"compare","type":"cnt","id":"dTeIDuctZkQ0Wir3rvUaa"},{"type":"value","category":"value","data":{"value":"厚坡镇陈营村卫生所"},"id":"pOsfruUqa6so7YpuL-Sl6"}]}]},{"id":"Dz6XkZn9scwlgyBkHUUIW","conditions":[{"id":"QY3QMVFGDahTmU1qRt4pk","items":[{"type":"element#text","category":"value","data":{"selector":"span#userNameSpan"},"id":"epm5QVn9g9TkwyYnrOHlc"},{"category":"compare","type":"cnt","id":"HuxCijTPNbnegaar89b1R"},{"type":"value","category":"value","data":{"value":"荆紫关镇药王庙村"},"id":"EDp7B2Do9NAclg_Nk9J8Q"}]}]},{"id":"YjI1vVRe-qMWT5DD9YjlI","conditions":[{"id":"xE976TrX-rP73zXJeR3pa","items":[{"type":"element#text","category":"value","data":{"selector":"span#userNameSpan"},"id":"_bQ8zMp8JsLZZT9FO_BJz"},{"category":"compare","type":"cnt","id":"VgaKqLxIHnjWUz0A1r055"},{"type":"value","category":"value","data":{"value":"九重镇武店村"},"id":"23AnQ7QIyY-eEAWe5gAPC"}]}]},{"id":"ZS_lifuVj4piXSNZMmz_k","conditions":[{"id":"4WVpx1iuheklTB56R6tXy","items":[{"type":"element#text","category":"value","data":{"selector":"span#userNameSpan"},"id":"BffqlL0B_DKxrzbeHzcrM"},{"category":"compare","type":"cnt","id":"FCwgWK9f1AkAzHbX0pWJs"},{"type":"value","category":"value","data":{"value":"九重镇九重村"},"id":"Kn1Z5Eot05u_-y--mqA__"}]}]},{"id":"vqIyxCjkDPnH7lbI1jTIx","conditions":[{"id":"yzTKtZjT-mKX80u_PeK69","items":[{"type":"element#text","category":"value","data":{"selector":"span#userNameSpan"},"id":"FD5reWVsMSP23_vTZ5tmd"},{"category":"compare","type":"cnt","id":"y3T0NmoKIV3lG8xmf81ix"},{"type":"value","category":"value","data":{"value":"九重镇王楼村"},"id":"mCjrer76OM-UPul5EeRAp"}]}]},{"id":"kXAL7Jj6eMZaq99Cqs-lf","conditions":[{"id":"L4qj1ioznYRzMKPHFaxJT","items":[{"type":"element#text","category":"value","data":{"selector":"span#userNameSpan"},"id":"IWvtV_m-GVabvgv7vyVeC"},{"category":"compare","type":"cnt","id":"GMF7eYmnNYDiWWrDcT9Q6"},{"type":"value","category":"value","data":{"value":"厚坡镇张寨村卫生所"},"id":"GWdSmK209B8YWVzkoNgGv"}]}]},{"id":"ExsXMRzO1BGYcv7-gqBud","conditions":[{"id":"-mPkVR3WjzaC-A0vRpXxa","items":[{"type":"element#text","category":"value","data":{"selector":"span#userNameSpan"},"id":"7hSdMs8pCZON1wpKJrpMC"},{"category":"compare","type":"cnt","id":"hJalDk_Mz-q8jTHuuFQgR"},{"type":"value","category":"value","data":{"value":"九重镇太平村"},"id":"zyGEPm9xTSebcaHLxhRpW"}]}]},{"id":"lXHZkHAP8UdoKCE9X-Ott","conditions":[{"id":"PBUTV_LNPCva38T7Cp2B6","items":[{"type":"element#text","category":"value","data":{"selector":"span#userNameSpan"},"id":"_UyaRA8BgkPEChkVThMjL"},{"category":"compare","type":"cnt","id":"43lNzLnAuJ_XFItlNIpXX"},{"type":"value","category":"value","data":{"value":"九重镇邹楼村"},"id":"GFe5-POzW2unj3tmo2irf"}]}]},{"id":"QBmQXdmZJHlImJjhHCyY4","conditions":[{"id":"BOrTmjGj_kADPyi6HfWva","items":[{"type":"element#text","category":"value","data":{"selector":"span#userNameSpan"},"id":"AP6jRlpkwFkTgUqTU9hgt"},{"category":"compare","type":"cnt","id":"NzApl9hsJkFitiCVEI7ZF"},{"type":"value","category":"value","data":{"value":"厚坡镇蒋营村"},"id":"ynFERqauosnfk-msUZh9B"}]}]},{"id":"0hGL0VeIo156k3j0yR3vw","conditions":[{"id":"Kl1-nUtMXUEc80ed9uBQx","items":[{"type":"element#text","category":"value","data":{"selector":"span#userNameSpan"},"id":"lm62fbBi6wuXMPxVkHAH_"},{"category":"compare","type":"cnt","id":"mZuVg3WPIgeTySr2FllRU"},{"type":"value","category":"value","data":{"value":"厚坡镇王河村卫生所"},"id":"KhXNmcGrv_mztSwVNUENV"}]}]},{"id":"ZsMG_9BHvMmr4DXoFxMzZ","conditions":[{"id":"4YrxurL6_Vml8Yc72cPgU","items":[{"type":"element#text","category":"value","data":{"selector":"span#userNameSpan"},"id":"SJiS3NKVaOhHj8RNxpK0-"},{"category":"compare","type":"cnt","id":"fgIlaW7cX6j8OdcMQQnA8"},{"type":"value","category":"value","data":{"value":"厚坡镇唐庄村"},"id":"D35nd-6JSD4WAvwSC-ouV"}]}]},{"id":"GrS5TyqiEBNtz7YnIKCLi","conditions":[{"id":"EBe1GeIb7MuR9skuRcVqH","items":[{"type":"element#text","category":"value","data":{"selector":"span#userNameSpan"},"id":"3cLYu7f2iySGwYOKDkio0"},{"category":"compare","type":"cnt","id":"1L55Ukk2ExYLx71noQVTf"},{"type":"value","category":"value","data":{"value":"厚坡镇李寨村"},"id":"3H-1dV4uIYRHLNzNGaSml"}]}]},{"id":"JQV0D1XJzZXxP_WX058no","conditions":[{"id":"ghIfylyZhtK9qSMROdtap","items":[{"type":"element#text","category":"value","data":{"selector":"span#userNameSpan"},"id":"czKeVa2KtCflqlHUHHbfH"},{"category":"compare","type":"cnt","id":"tG-Ic4ymhE-5DK5O0R7Jg"},{"type":"value","category":"value","data":{"value":"九重镇周岗村卫生所"},"id":"9htIq4lWtS1b-ABTfaIDy"}]}]}]}],"retryConditions":false,"retryCount":10,"retryTimeout":1000,"settings":{"blockTimeout":0,"debugMode":false}},"events":{},"label":"conditions","id":"fa1r367","position":{"x":120.37481765147652,"y":-1455.642935829471}}],"edges":[{"type":"custom","updatable":true,"selectable":true,"markerEnd":"arrowclosed","sourceHandle":"YIqg8ShtqBDfFT4jsj5D1-output-1","targetHandle":"a88e1q5-input-1","source":"YIqg8ShtqBDfFT4jsj5D1","target":"a88e1q5","data":{},"events":{},"id":"vueflow__edge-YIqg8ShtqBDfFT4jsj5D1YIqg8ShtqBDfFT4jsj5D1-output-1-a88e1q5a88e1q5-input-1","sourceX":-446.42867340914097,"sourceY":-593.5669094109988,"targetX":-324.8665594134597,"targetY":-595.6794620111156},{"type":"custom","updatable":true,"selectable":true,"markerEnd":"arrowclosed","sourceHandle":"ew0gz4x-output-1","targetHandle":"r2uu6ff-input-1","source":"ew0gz4x","target":"r2uu6ff","data":{},"events":{},"id":"vueflow__edge-ew0gz4xew0gz4x-output-1-r2uu6ffr2uu6ff-input-1","sourceX":2496.2592711055245,"sourceY":388.73042944767207,"targetX":771.124182184876,"targetY":486.2757619790728},{"type":"custom","updatable":true,"selectable":true,"markerEnd":"arrowclosed","sourceHandle":"r2uu6ff-output-1","targetHandle":"yoy6wh7-input-1","source":"r2uu6ff","target":"yoy6wh7","data":{},"events":{},"id":"vueflow__edge-r2uu6ffr2uu6ff-output-1-yoy6wh7yoy6wh7-input-1","sourceX":1003.1390426357814,"sourceY":486.2757619790728,"targetX":1095.5538051242922,"targetY":481.08739980084954},{"type":"custom","updatable":true,"selectable":true,"markerEnd":"arrowclosed","sourceHandle":"ak3axc2-output-1","targetHandle":"f064wsn-input-1","source":"ak3axc2","target":"f064wsn","data":{},"events":{},"id":"vueflow__edge-ak3axc2ak3axc2-output-1-f064wsnf064wsn-input-1","sourceX":485.1512225070848,"sourceY":-192.04797452110452,"targetX":491.8525127725806,"targetY":-450.6023859762579},{"type":"custom","updatable":true,"selectable":true,"markerEnd":"arrowclosed","sourceHandle":"a3j2weh-output-1","targetHandle":"nrnido1-input-1","source":"a3j2weh","target":"nrnido1","data":{},"events":{},"id":"vueflow__edge-a3j2weha3j2weh-output-1-nrnido1nrnido1-input-1","sourceX":551.9379886393183,"sourceY":-394.0534294210835,"targetX":-115.66532421081745,"targetY":-184.3824900493256},{"type":"custom","updatable":true,"selectable":true,"markerEnd":"arrowclosed","sourceHandle":"nrnido1-output-1","targetHandle":"ak3axc2-input-1","source":"nrnido1","target":"ak3axc2","data":{},"events":{},"id":"vueflow__edge-nrnido1nrnido1-output-1-ak3axc2ak3axc2-input-1","sourceX":116.32378255123174,"sourceY":-184.3824900493256,"targetX":253.13626763385554,"targetY":-192.04797452110452},{"type":"custom","updatable":true,"selectable":true,"markerEnd":"arrowclosed","sourceHandle":"g7dsd85-output-1","targetHandle":"kjj1677-input-1","source":"g7dsd85","target":"kjj1677","data":{},"events":{},"id":"vueflow__edge-g7dsd85g7dsd85-output-1-kjj1677kjj1677-input-1","sourceX":1198.204160657576,"sourceY":306.444332731652,"targetX":1258.5783701185587,"targetY":321.30696410738346},{"type":"custom","updatable":true,"selectable":true,"markerEnd":"arrowclosed","sourceHandle":"9aj2n9f-output-1","targetHandle":"l5u7i0u-input-1","source":"9aj2n9f","target":"l5u7i0u","data":{},"events":{},"id":"vueflow__edge-9aj2n9f9aj2n9f-output-1-l5u7i0ul5u7i0u-input-1","sourceX":1167.771198502897,"sourceY":-750.5239901143633,"targetX":957.7328330212257,"targetY":-632.494550937504},{"type":"custom","updatable":true,"selectable":true,"markerEnd":"arrowclosed","sourceHandle":"l1fl7jm-output-1","targetHandle":"8v692xk-input-1","source":"l1fl7jm","target":"8v692xk","data":{},"events":{},"id":"vueflow__edge-l1fl7jml1fl7jm-output-1-8v692xk8v692xk-input-1","sourceX":1650.2890428344747,"sourceY":-152.9600406444475,"targetX":933.143829009527,"targetY":-161.30530986098864},{"type":"custom","updatable":true,"selectable":true,"markerEnd":"arrowclosed","sourceHandle":"yoy6wh7-output-1","targetHandle":"0ge6i6p-input-1","source":"yoy6wh7","target":"0ge6i6p","data":{},"events":{},"id":"vueflow__edge-yoy6wh7yoy6wh7-output-1-0ge6i6p0ge6i6p-input-1","sourceX":1327.5686655751977,"sourceY":481.08739980084954,"targetX":1437.3344669457663,"targetY":478.5675026485851},{"type":"custom","updatable":true,"selectable":true,"markerEnd":"arrowclosed","sourceHandle":"mey0oqj-output-1","targetHandle":"ew0gz4x-input-1","source":"mey0oqj","target":"ew0gz4x","data":{},"events":{},"id":"vueflow__edge-mey0oqjmey0oqj-output-1-ew0gz4xew0gz4x-input-1","sourceX":2175.8259129011026,"sourceY":333.7017422600831,"targetX":2264.2702823713803,"targetY":388.73042944767207},{"type":"custom","updatable":true,"selectable":true,"markerEnd":"arrowclosed","sourceHandle":"0ge6i6p-output-1","targetHandle":"iflmrjx-input-1","source":"0ge6i6p","target":"iflmrjx","data":{},"events":{},"id":"vueflow__edge-0ge6i6p0ge6i6p-output-1-iflmrjxiflmrjx-input-1","sourceX":1669.3234556799105,"sourceY":478.5675026485851,"targetX":2048.4693172597813,"targetY":556.0673171506713},{"type":"custom","updatable":true,"selectable":true,"markerEnd":"arrowclosed","sourceHandle":"iflmrjx-output-1","targetHandle":"xqy1xc3-input-1","source":"iflmrjx","target":"xqy1xc3","data":{},"events":{},"id":"vueflow__edge-iflmrjxiflmrjx-output-1-xqy1xc3xqy1xc3-input-1","sourceX":2280.4841777106867,"sourceY":556.0673171506713,"targetX":1728.9165411346964,"targetY":602.6275934132015},{"type":"custom","updatable":true,"selectable":true,"markerEnd":"arrowclosed","sourceHandle":"xqk99ra-output-1","targetHandle":"pnb8sr2-input-1","source":"xqk99ra","target":"pnb8sr2","data":{},"events":{},"id":"vueflow__edge-xqk99raxqk99ra-output-1-pnb8sr2pnb8sr2-input-1","sourceX":2140.7427925133466,"sourceY":1010.8136437605169,"targetX":1736.7740421457659,"targetY":1133.9357770345293},{"type":"custom","updatable":true,"selectable":true,"markerEnd":"arrowclosed","sourceHandle":"pnb8sr2-output-1","targetHandle":"z40mu0b-input-1","source":"pnb8sr2","target":"z40mu0b","data":{},"events":{},"id":"vueflow__edge-pnb8sr2pnb8sr2-output-1-z40mu0bz40mu0b-input-1","sourceX":1968.789091441319,"sourceY":1133.9357770345293,"targetX":1021.4008000563279,"targetY":1023.0179235046659},{"type":"custom","updatable":true,"selectable":true,"markerEnd":"arrowclosed","sourceHandle":"tdctu4y-output-1","targetHandle":"75al11v-input-1","source":"tdctu4y","target":"75al11v","data":{},"events":{},"id":"vueflow__edge-tdctu4ytdctu4y-output-1-75al11v75al11v-input-1","sourceX":1356.0981978644006,"sourceY":-298.5666758892519,"targetX":1509.368664367955,"targetY":-282.2971643142352},{"type":"custom","updatable":true,"selectable":true,"markerEnd":"arrowclosed","sourceHandle":"gzt5i6t-output-fallback","targetHandle":"a3j2weh-input-1","source":"gzt5i6t","target":"a3j2weh","data":{},"events":{},"id":"vueflow__edge-gzt5i6tgzt5i6t-output-fallback-a3j2weha3j2weh-input-1","sourceX":-26.813533873607895,"sourceY":277.43502684627333,"targetX":319.94881106052605,"targetY":-394.0534294210835},{"type":"custom","updatable":true,"selectable":true,"markerEnd":"arrowclosed","sourceHandle":"njvzk0e-output-3Ek4yJfonswwXWX0Labi-","targetHandle":"ak3axc2-input-1","source":"njvzk0e","target":"ak3axc2","data":{},"events":{},"id":"vueflow__edge-njvzk0enjvzk0e-output-3Ek4yJfonswwXWX0Labi--ak3axc2ak3axc2-input-1","sourceX":450.54865159447064,"sourceY":213.08481657426103,"targetX":253.13626763385554,"targetY":-192.04797452110452},{"type":"custom","updatable":true,"selectable":true,"markerEnd":"arrowclosed","sourceHandle":"njvzk0e-output-fallback","targetHandle":"f064wsn-input-1","source":"njvzk0e","target":"f064wsn","data":{},"events":{},"id":"vueflow__edge-njvzk0enjvzk0e-output-fallback-f064wsnf064wsn-input-1","sourceX":449.5431482667753,"sourceY":255.08622682330633,"targetX":491.8525127725806,"targetY":-450.6023859762579},{"type":"custom","updatable":true,"selectable":true,"markerEnd":"arrowclosed","sourceHandle":"3x3qmc2-output-1","targetHandle":"gzt5i6t-input-1","source":"3x3qmc2","target":"gzt5i6t","data":{},"events":{},"id":"vueflow__edge-3x3qmc23x3qmc2-output-1-gzt5i6tgzt5i6t-input-1","sourceX":-45.19870835265439,"sourceY":487.7513505448327,"targetX":-258.8284415356752,"targetY":255.41583532451284},{"type":"custom","updatable":true,"selectable":true,"markerEnd":"arrowclosed","sourceHandle":"gzt5i6t-output-1","targetHandle":"njvzk0e-input-1","source":"gzt5i6t","target":"njvzk0e","data":{},"events":{},"id":"vueflow__edge-gzt5i6tgzt5i6t-output-1-njvzk0enjvzk0e-input-1","sourceX":-26.813533873607895,"sourceY":255.41583532451284,"targetX":153.5333689171773,"targetY":202.43615014666233},{"type":"custom","updatable":true,"selectable":true,"markerEnd":"arrowclosed","sourceHandle":"bknhifx-output-1","targetHandle":"0ripad9-input-1","source":"bknhifx","target":"0ripad9","data":{},"events":{},"id":"vueflow__edge-bknhifxbknhifx-output-1-0ripad90ripad9-input-1","sourceX":1171.1677795152054,"sourceY":54.356827967109055,"targetX":1293.3768355621517,"targetY":69.03409643942499},{"type":"custom","updatable":true,"selectable":true,"markerEnd":"arrowclosed","sourceHandle":"0ripad9-output-1","targetHandle":"2ryad7s-input-1","source":"0ripad9","target":"2ryad7s","data":{},"events":{},"id":"vueflow__edge-0ripad90ripad9-output-1-2ryad7s2ryad7s-input-1","sourceX":1525.3658242962958,"sourceY":69.03409643942499,"targetX":1579.1118066647016,"targetY":65.71592309254487},{"type":"custom","updatable":true,"selectable":true,"markerEnd":"arrowclosed","sourceHandle":"kk1qd5g-output-1","targetHandle":"en6itga-input-1","source":"kk1qd5g","target":"en6itga","data":{},"events":{},"id":"vueflow__edge-kk1qd5gkk1qd5g-output-1-en6itgaen6itga-input-1","sourceX":2715.2076825263152,"sourceY":48.885093012147735,"targetX":543.394887316148,"targetY":294.75933421930176},{"type":"custom","updatable":true,"selectable":true,"markerEnd":"arrowclosed","sourceHandle":"en6itga-output-1","targetHandle":"phufzhh-input-1","source":"en6itga","target":"phufzhh","data":{},"events":{},"id":"vueflow__edge-en6itgaen6itga-output-1-phufzhhphufzhh-input-1","sourceX":775.3839704726163,"sourceY":294.75933421930176,"targetX":729.761698392387,"targetY":322.4927013581753},{"type":"custom","updatable":true,"selectable":true,"markerEnd":"arrowclosed","sourceHandle":"phufzhh-output-1","targetHandle":"voxuh73-input-1","source":"phufzhh","target":"voxuh73","data":{},"events":{},"id":"vueflow__edge-phufzhhphufzhh-output-1-voxuh73voxuh73-input-1","sourceX":961.7765588432924,"sourceY":322.4927013581753,"targetX":1119.5942915410308,"targetY":168.85028059530708},{"type":"custom","updatable":true,"selectable":true,"markerEnd":"arrowclosed","sourceHandle":"y4wpaxw-output-1","targetHandle":"ol71e77-input-1","source":"y4wpaxw","target":"ol71e77","data":{},"events":{},"id":"vueflow__edge-y4wpaxwy4wpaxw-output-1-ol71e77ol71e77-input-1","sourceX":2145.809436593553,"sourceY":177.75600736195614,"targetX":2241.050798526649,"targetY":167.0583136819769},{"type":"custom","updatable":true,"selectable":true,"markerEnd":"arrowclosed","sourceHandle":"ol71e77-output-1","targetHandle":"n27vpbk-input-1","source":"ol71e77","target":"n27vpbk","data":{},"events":{},"id":"vueflow__edge-ol71e77ol71e77-output-1-n27vpbkn27vpbk-input-1","sourceX":2473.0656589775544,"sourceY":167.0583136819769,"targetX":2495.961795033925,"targetY":203.02734609308757},{"type":"custom","updatable":true,"selectable":true,"markerEnd":"arrowclosed","sourceHandle":"n27vpbk-output-1","targetHandle":"g7dsd85-input-1","source":"n27vpbk","target":"g7dsd85","data":{},"events":{},"id":"vueflow__edge-n27vpbkn27vpbk-output-1-g7dsd85g7dsd85-input-1","sourceX":2727.950972612717,"sourceY":203.02734609308757,"targetX":966.2149830787838,"targetY":306.444332731652},{"type":"custom","updatable":true,"selectable":true,"markerEnd":"arrowclosed","sourceHandle":"r7w78mx-output-1","targetHandle":"l1fl7jm-input-1","source":"r7w78mx","target":"l1fl7jm","data":{},"events":{},"id":"vueflow__edge-r7w78mxr7w78mx-output-1-l1fl7jml1fl7jm-input-1","sourceX":2755.2906119738914,"sourceY":-433.9535595573149,"targetX":1418.3000541003305,"targetY":-152.9600406444475},{"type":"custom","updatable":true,"selectable":true,"markerEnd":"arrowclosed","sourceHandle":"f064wsn-output-2","targetHandle":"9aj2n9f-input-1","source":"f064wsn","target":"9aj2n9f","data":{},"events":{},"id":"vueflow__edge-f064wsnf064wsn-output-2-9aj2n9f9aj2n9f-input-1","sourceX":787.8622921221786,"sourceY":-407.95633091605583,"targetX":935.7563380519919,"targetY":-750.5239901143633},{"type":"custom","updatable":true,"selectable":true,"markerEnd":"arrowclosed","sourceHandle":"lpch92h-output-1","targetHandle":"r7w78mx-input-1","source":"lpch92h","target":"r7w78mx","data":{},"events":{},"id":"vueflow__edge-lpch92hlpch92h-output-1-r7w78mxr7w78mx-input-1","sourceX":2262.769072717824,"sourceY":-813.2453857571633,"targetX":2523.275751522986,"targetY":-433.9535595573149},{"type":"custom","updatable":true,"selectable":true,"markerEnd":"arrowclosed","sourceHandle":"2ryad7s-output-1","targetHandle":"xjmth0j-input-1","source":"2ryad7s","target":"xjmth0j","data":{},"events":{},"id":"vueflow__edge-2ryad7s2ryad7s-output-1-xjmth0jxjmth0j-input-1","sourceX":1811.1009842434937,"sourceY":65.71592309254487,"targetX":2192.112300745499,"targetY":-74.44514621050246},{"type":"custom","updatable":true,"selectable":true,"markerEnd":"arrowclosed","sourceHandle":"xjmth0j-output-1","targetHandle":"kk1qd5g-input-1","source":"xjmth0j","target":"kk1qd5g","data":{},"events":{},"id":"vueflow__edge-xjmth0jxjmth0j-output-1-kk1qd5gkk1qd5g-input-1","sourceX":2424.1271611964044,"sourceY":-74.44514621050246,"targetX":2483.218504947523,"targetY":48.885093012147735},{"type":"custom","updatable":true,"selectable":true,"markerEnd":"arrowclosed","sourceHandle":"xqy1xc3-output-1","targetHandle":"3x3qmc2-input-1","source":"xqy1xc3","target":"3x3qmc2","data":{},"events":{},"id":"vueflow__edge-xqy1xc3xqy1xc3-output-1-3x3qmc23x3qmc2-input-1","sourceX":1960.9057187134886,"sourceY":602.6275934132015,"targetX":-277.2136160147217,"targetY":487.7513505448327},{"type":"custom","updatable":true,"selectable":true,"markerEnd":"arrowclosed","sourceHandle":"a88e1q5-output-1","targetHandle":"ysp49bt-input-1","source":"a88e1q5","target":"ysp49bt","data":{},"events":{},"id":"vueflow__edge-a88e1q5a88e1q5-output-1-ysp49btysp49bt-input-1","sourceX":-92.8774290458295,"sourceY":-595.6794620111156,"targetX":-19.75888217887019,"targetY":-675.1719607579975},{"type":"custom","updatable":true,"selectable":true,"markerEnd":"arrowclosed","sourceHandle":"wkkq1um-output-1","targetHandle":"1kia4cl-input-1","source":"wkkq1um","target":"1kia4cl","data":{},"events":{},"id":"vueflow__edge-wkkq1umwkkq1um-output-1-1kia4cl1kia4cl-input-1","sourceX":682.4792647275224,"sourceY":-1114.9041399053776,"targetX":485.41521107057423,"targetY":-833.4323727022493},{"type":"custom","updatable":true,"selectable":true,"markerEnd":"arrowclosed","sourceHandle":"1kia4cl-output-vB_oRhUXH_YmVnD6B-XvB","targetHandle":"muly5rm-input-1","source":"1kia4cl","target":"muly5rm","data":{},"events":{},"id":"vueflow__edge-1kia4cl1kia4cl-output-vB_oRhUXH_YmVnD6B-XvB-muly5rmmuly5rm-input-1","sourceX":782.4305881701915,"sourceY":-822.7837534858124,"targetX":920.2724687188961,"targetY":-1372.617345446317},{"type":"custom","updatable":true,"selectable":true,"markerEnd":"arrowclosed","sourceHandle":"ysp49bt-output-1","targetHandle":"eujzycm-input-1","source":"ysp49bt","target":"eujzycm","data":{},"events":{},"id":"vueflow__edge-ysp49btysp49bt-output-1-eujzycmeujzycm-input-1","sourceX":212.25597827203512,"sourceY":-675.1719607579975,"targetX":-255.96508627797928,"targetY":-1140.9057880088826},{"type":"custom","updatable":true,"selectable":true,"markerEnd":"arrowclosed","sourceHandle":"1kia4cl-output-fallback","targetHandle":"a3j2weh-input-1","source":"1kia4cl","target":"a3j2weh","data":{},"events":{},"id":"vueflow__edge-1kia4cl1kia4cl-output-fallback-a3j2weha3j2weh-input-1","sourceX":781.4249904201722,"sourceY":-780.7822960256052,"targetX":319.94881106052605,"targetY":-394.0534294210835},{"type":"custom","updatable":true,"selectable":true,"markerEnd":"arrowclosed","sourceHandle":"l5u7i0u-output-1","targetHandle":"urrawge-input-1","source":"l5u7i0u","target":"urrawge","data":{},"events":{},"id":"vueflow__edge-l5u7i0ul5u7i0u-output-1-urrawgeurrawge-input-1","sourceX":1189.7219161776939,"sourceY":-632.494550937504,"targetX":916.9181314153834,"targetY":-509.6743146294224},{"type":"custom","updatable":true,"selectable":true,"markerEnd":"arrowclosed","sourceHandle":"c5xt30o-output-fallback","targetHandle":"tdctu4y-input-1","source":"c5xt30o","target":"tdctu4y","data":{},"events":{},"id":"vueflow__edge-c5xt30oc5xt30o-output-fallback-tdctu4ytdctu4y-input-1","sourceX":720.6965251564745,"sourceY":-201.86612626990848,"targetX":1124.1090202856085,"targetY":-298.5666758892519},{"type":"custom","updatable":true,"selectable":true,"markerEnd":"arrowclosed","sourceHandle":"8v692xk-output-1","targetHandle":"ln3by6i-input-1","source":"8v692xk","target":"ln3by6i","data":{},"events":{},"id":"vueflow__edge-8v692xk8v692xk-output-1-ln3by6iln3by6i-input-1","sourceX":1165.1586894604322,"sourceY":-161.30530986098864,"targetX":935.2297237915964,"targetY":-45.204582215366365},{"type":"custom","updatable":true,"selectable":true,"markerEnd":"arrowclosed","sourceHandle":"ln3by6i-output-1","targetHandle":"bknhifx-input-1","source":"ln3by6i","target":"bknhifx","data":{},"events":{},"id":"vueflow__edge-ln3by6iln3by6i-output-1-bknhifxbknhifx-input-1","sourceX":1167.2188069480644,"sourceY":-45.204582215366365,"targetX":939.1528246419762,"targetY":54.356827967109055},{"type":"custom","updatable":true,"selectable":true,"markerEnd":"arrowclosed","sourceHandle":"vs67odo-output-1","targetHandle":"bnh6egh-input-1","source":"vs67odo","target":"bnh6egh","data":{},"events":{},"id":"vueflow__edge-vs67odovs67odo-output-1-bnh6eghbnh6egh-input-1","sourceX":1837.779827386488,"sourceY":182.68893256829472,"targetX":1703.7025637005258,"targetY":-39.08277170463438},{"type":"custom","updatable":true,"selectable":true,"markerEnd":"arrowclosed","sourceHandle":"bnh6egh-output-fallback","targetHandle":"y4wpaxw-input-1","source":"bnh6egh","target":"y4wpaxw","data":{},"events":{},"id":"vueflow__edge-bnh6eghbnh6egh-output-fallback-y4wpaxwy4wpaxw-input-1","sourceX":1999.6864713333628,"sourceY":13.567304972009637,"targetX":1913.820447859409,"targetY":177.75600736195614},{"type":"custom","updatable":true,"selectable":true,"markerEnd":"arrowclosed","sourceHandle":"bnh6egh-output-e2L7coxgXJZwePZRhPA0T","targetHandle":"qcyy98m-input-1","source":"bnh6egh","target":"qcyy98m","data":{},"events":{},"id":"vueflow__edge-bnh6eghbnh6egh-output-e2L7coxgXJZwePZRhPA0T-qcyy98mqcyy98m-input-1","sourceX":2000.6920690833822,"sourceY":-28.40837519376055,"targetX":1993.7563604822983,"targetY":159.86927204399447},{"type":"custom","updatable":true,"selectable":true,"markerEnd":"arrowclosed","sourceHandle":"qcyy98m-output-1","targetHandle":"ol71e77-input-1","source":"qcyy98m","target":"ol71e77","data":{},"events":{},"id":"vueflow__edge-qcyy98mqcyy98m-output-1-ol71e77ol71e77-input-1","sourceX":2225.7712209332035,"sourceY":159.86927204399447,"targetX":2241.050798526649,"targetY":167.0583136819769},{"type":"custom","updatable":true,"selectable":true,"markerEnd":"arrowclosed","sourceHandle":"46fg0g9-output-1","targetHandle":"mey0oqj-input-1","source":"46fg0g9","target":"mey0oqj","data":{},"events":{},"id":"vueflow__edge-46fg0g946fg0g9-output-1-mey0oqjmey0oqj-input-1","sourceX":1809.5015360063485,"sourceY":320.44954217368195,"targetX":1943.8110524501974,"targetY":333.7017422600831},{"type":"custom","updatable":true,"selectable":true,"markerEnd":"arrowclosed","sourceHandle":"voxuh73-output-1","targetHandle":"nhtymqb-input-1","source":"voxuh73","target":"nhtymqb","data":{},"events":{},"id":"vueflow__edge-voxuh73voxuh73-output-1-nhtymqbnhtymqb-input-1","sourceX":1351.6091519919362,"sourceY":168.85028059530708,"targetX":1350.4813803300292,"targetY":158.64147013267078},{"type":"custom","updatable":true,"selectable":true,"markerEnd":"arrowclosed","sourceHandle":"nhtymqb-output-1","targetHandle":"vs67odo-input-1","source":"nhtymqb","target":"vs67odo","data":{},"events":{},"id":"vueflow__edge-nhtymqbnhtymqb-output-1-vs67odovs67odo-input-1","sourceX":1582.4962407809344,"sourceY":158.64147013267078,"targetX":1605.764778090935,"targetY":182.68893256829472},{"type":"custom","updatable":true,"selectable":true,"markerEnd":"arrowclosed","sourceHandle":"kjj1677-output-1","targetHandle":"46fg0g9-input-1","source":"kjj1677","target":"46fg0g9","data":{},"events":{},"id":"vueflow__edge-kjj1677kjj1677-output-1-46fg0g946fg0g9-input-1","sourceX":1490.5675476973508,"sourceY":321.30696410738346,"targetX":1577.5125472722043,"targetY":320.44954217368195},{"type":"custom","updatable":true,"selectable":true,"markerEnd":"arrowclosed","sourceHandle":"urrawge-output-1","targetHandle":"lgpqx0n-input-1","source":"urrawge","target":"lgpqx0n","data":{},"events":{},"id":"vueflow__edge-urrawgeurrawge-output-1-lgpqx0nlgpqx0n-input-1","sourceX":1148.9072145718517,"sourceY":-509.6743146294224,"targetX":1234.7459846013644,"targetY":-694.9410378758482},{"type":"custom","updatable":true,"selectable":true,"markerEnd":"arrowclosed","sourceHandle":"lgpqx0n-output-1","targetHandle":"qjfesin-input-1","source":"lgpqx0n","target":"qjfesin","data":{},"events":{},"id":"vueflow__edge-lgpqx0nlgpqx0n-output-1-qjfesinqjfesin-input-1","sourceX":1466.7349733355086,"sourceY":-694.9410378758482,"targetX":1185.170608654528,"targetY":-579.0186665367756},{"type":"custom","updatable":true,"selectable":true,"markerEnd":"arrowclosed","sourceHandle":"qjfesin-output-1","targetHandle":"aqncna7-input-1","source":"qjfesin","target":"aqncna7","data":{},"events":{},"id":"vueflow__edge-qjfesinqjfesin-output-1-aqncna7aqncna7-input-1","sourceX":1417.1595973886722,"sourceY":-579.0186665367756,"targetX":1512.7997729338426,"targetY":-514.285846192057,"class":"connected-edges"},{"type":"custom","updatable":true,"selectable":true,"markerEnd":"arrowclosed","sourceHandle":"aqncna7-output-1","targetHandle":"c5xt30o-input-1","source":"aqncna7","target":"c5xt30o","data":{},"events":{},"id":"vueflow__edge-aqncna7aqncna7-output-1-c5xt30oc5xt30o-input-1","sourceX":1744.7889505126348,"sourceY":-514.285846192057,"targetX":488.70734757768236,"targetY":-223.85954049723188,"class":"connected-edges"},{"type":"custom","updatable":true,"selectable":true,"markerEnd":"arrowclosed","sourceHandle":"75al11v-output-1","targetHandle":"r7w78mx-input-1","source":"75al11v","target":"r7w78mx","data":{},"events":{},"id":"vueflow__edge-75al11v75al11v-output-1-r7w78mxr7w78mx-input-1","sourceX":1741.3578419467472,"sourceY":-282.2971643142352,"targetX":2523.275751522986,"targetY":-433.9535595573149},{"type":"custom","updatable":true,"selectable":true,"markerEnd":"arrowclosed","sourceHandle":"8v692xk-output-fallback","targetHandle":"b7yblpw-input-1","source":"8v692xk","target":"b7yblpw","data":{},"events":{},"id":"vueflow__edge-8v692xk8v692xk-output-fallback-b7yblpwb7yblpw-input-1","sourceX":1165.1586894604322,"sourceY":-139.31189563366524,"targetX":1892.4144319284703,"targetY":719.1779883026464},{"type":"custom","updatable":true,"selectable":true,"markerEnd":"arrowclosed","sourceHandle":"b7yblpw-output-1","targetHandle":"baklkrn-input-1","source":"b7yblpw","target":"baklkrn","data":{},"events":{},"id":"vueflow__edge-b7yblpwb7yblpw-output-1-baklkrnbaklkrn-input-1","sourceX":2124.4036095072624,"sourceY":719.1779883026464,"targetX":2212.95760430295,"targetY":662.1762297422374},{"type":"custom","updatable":true,"selectable":true,"markerEnd":"arrowclosed","sourceHandle":"baklkrn-output-1","targetHandle":"2ec25l9-input-1","source":"baklkrn","target":"2ec25l9","data":{},"events":{},"id":"vueflow__edge-baklkrnbaklkrn-output-1-2ec25l92ec25l9-input-1","sourceX":2444.9467818817425,"sourceY":662.1762297422374,"targetX":2547.1352962149517,"targetY":622.4457032051937},{"type":"custom","updatable":true,"selectable":true,"markerEnd":"arrowclosed","sourceHandle":"2ec25l9-output-1","targetHandle":"9pepq0q-input-1","source":"2ec25l9","target":"9pepq0q","data":{},"events":{},"id":"vueflow__edge-2ec25l92ec25l9-output-1-9pepq0q9pepq0q-input-1","sourceX":2779.124662638392,"sourceY":622.4457032051937,"targetX":2888.425134189627,"targetY":575.9433427273631},{"type":"custom","updatable":true,"selectable":true,"markerEnd":"arrowclosed","sourceHandle":"eujzycm-output-1","targetHandle":"fa1r367-input-1","source":"eujzycm","target":"fa1r367","data":{},"events":{},"id":"vueflow__edge-eujzycmeujzycm-output-1-fa1r367fa1r367-input-1","sourceX":-23.950178615911994,"sourceY":-1140.9057880088826,"targetX":100.36672720743064,"targetY":-1363.0212242090797},{"type":"custom","updatable":true,"selectable":true,"markerEnd":"arrowclosed","sourceHandle":"fa1r367-output-luNkJhTyoIwq4oMLHsZD_","targetHandle":"wkkq1um-input-1","source":"fa1r367","target":"wkkq1um","data":{},"events":{},"id":"vueflow__edge-fa1r367fa1r367-output-luNkJhTyoIwq4oMLHsZD_-wkkq1umwkkq1um-input-1","sourceX":397.38210430704794,"sourceY":-1338.372134909628,"targetX":450.49008714873014,"targetY":-1114.9041399053776},{"sourceHandle":"9pepq0q-output-1","targetHandle":"yoy6wh7-input-1","type":"custom","source":"9pepq0q","target":"yoy6wh7","updatable":true,"selectable":true,"data":{},"events":{},"class":"source-9pepq0q-output-1 target-yoy6wh7-input-1","markerEnd":"arrowclosed","id":"vueflow__edge-9pepq0q9pepq0q-output-1-yoy6wh7yoy6wh7-input-1","sourceX":3120.4399946405324,"sourceY":575.9433427273631,"targetX":1095.5538051242922,"targetY":481.08739980084954},{"sourceHandle":"c5xt30o-output-1","targetHandle":"8v692xk-input-1","type":"custom","source":"c5xt30o","target":"8v692xk","updatable":true,"selectable":true,"data":{},"events":{},"markerEnd":"arrowclosed","id":"vueflow__edge-c5xt30oc5xt30o-output-1-8v692xk8v692xk-input-1","sourceX":720.6965251564745,"sourceY":-223.85954049723188,"targetX":933.143829009527,"targetY":-161.30530986098864}],"position":[-477.80907546357525,576.8842639580905],"zoom":0.6464056096375893,"viewport":{"x":-477.80907546357525,"y":576.8842639580905,"zoom":0.6464056096375893}},"settings":{"publicId":"","blockDelay":0,"saveLog":true,"debugMode":false,"restartTimes":3,"notification":false,"execContext":"popup","reuseLastState":false,"inputAutocomplete":true,"onError":"stop-workflow","executedBlockOnWeb":false,"insertDefaultColumn":false,"defaultColumnName":"column","tabLoadTimeout":30000},"globalData":"{\n\t\"key\": \"value\"\n}","description":"","includedWorkflows":{}}