{"extVersion":"1.28.27","name":"档案使用率","icon":"riGlobalLine","table":[],"version":"1.28.27","drawflow":{"nodes":[{"type":"BlockBasic","data":{"url":"","date":"","days":[],"time":"00:00","type":"manual","delay":5,"interval":60,"shortcut":"","isUrlRegex":false,"parameters":[],"description":"","contextTypes":[],"disableBlock":false,"activeInInput":false,"observeElement":{"selector":"","baseSelector":"","matchPattern":"","baseElOptions":{"subtree":false,"childList":true,"attributes":false,"characterData":false,"attributeFilter":[]},"targetOptions":{"subtree":false,"childList":true,"attributes":false,"characterData":false,"attributeFilter":[]}},"contextMenuName":"","preferParamsInTab":false},"events":{},"id":"YIqg8ShtqBDfFT4jsj5D1","label":"trigger","position":{"x":-658.4355142327433,"y":-629.5678967881911}},{"type":"BlockBasic","data":{"findBy":"cssSelector","markEl":false,"onError":{"toDo":"continue","retry":true,"enable":true,"insertData":false,"retryTimes":16,"dataToInsert":[],"retryInterval":1},"multiple":false,"selector":"*:nth-child(4) > *:nth-child(3) |> *:nth-child(1) > *:nth-child(12) > *:nth-child(1)","settings":{"debugMode":false,"blockTimeout":0},"description":"修改","disableBlock":false,"waitForSelector":false,"waitSelectorTimeout":5000},"events":{},"id":"l5u7i0u","label":"event-click","position":{"x":977.7151461708345,"y":-668.4955383146962}},{"type":"BlockBasic","data":{"findBy":"cssSelector","markEl":false,"onError":{"toDo":"error","retry":true,"enable":true,"insertData":false,"retryTimes":30,"dataToInsert":[],"retryInterval":2},"multiple":false,"selector":".RuoYi_iframe:nth-child(3) |> li#basic_info_li","settings":{"debugMode":false,"blockTimeout":0},"description":"基本信息","disableBlock":false,"waitForSelector":false,"waitSelectorTimeout":5000},"events":{},"id":"l1fl7jm","label":"event-click","position":{"x":1322.2822728276153,"y":-250.96098081047774}},{"type":"BlockBasic","data":{"findBy":"cssSelector","markEl":false,"onError":{"toDo":"error","retry":false,"enable":true,"insertData":false,"retryTimes":10,"dataToInsert":[],"retryInterval":1},"multiple":false,"selector":".RuoYi_iframe:nth-child(3) |> #button_save > .layui-btn","settings":{"debugMode":false,"blockTimeout":2000},"description":"保存","disableBlock":false,"waitForSelector":false,"waitSelectorTimeout":5000},"events":{},"id":"46fg0g9","label":"event-click","position":{"x":1597.4947659994891,"y":284.44860200765174}},{"type":"BlockBasic","data":{"findBy":"cssSelector","markEl":false,"onError":{"toDo":"continue","retry":false,"enable":true,"insertData":false,"retryTimes":10,"dataToInsert":[],"retryInterval":1},"multiple":false,"selector":".RuoYi_iframe:nth-child(3) |> .posttable:nth-child(2) tr:nth-child(1) label:nth-child({{variables.chufang}}) > .x-layui-input","settings":{"debugMode":false,"blockTimeout":0},"description":"无","disableBlock":false,"waitForSelector":false,"waitSelectorTimeout":6000},"events":{},"id":"bknhifx","label":"event-click","position":{"x":959.160915086022,"y":18.355887801078836}},{"type":"BlockBasic","data":{"findBy":"cssSelector","markEl":false,"onError":{"toDo":"continue","retry":true,"enable":true,"insertData":false,"retryTimes":30,"dataToInsert":[],"retryInterval":0.1},"multiple":false,"selector":".RuoYi_iframe:nth-child(3) |> a.layui-layer-btn0","settings":{"debugMode":false,"blockTimeout":0},"description":"保存确定","disableBlock":false,"waitForSelector":false,"waitSelectorTimeout":5000},"events":{},"id":"ew0gz4x","label":"event-click","position":{"x":2231.2397749748734,"y":316.26548867463333}},{"type":"BlockBasic","data":{"findBy":"cssSelector","markEl":false,"onError":{"toDo":"continue","retry":false,"enable":true,"insertData":false,"retryTimes":10,"dataToInsert":[],"retryInterval":1},"multiple":false,"selector":".RuoYi_iframe:nth-child(3) |> button.btn-gray","settings":{"debugMode":false,"blockTimeout":0},"description":"返回","disableBlock":false,"waitForSelector":false,"waitSelectorTimeout":500},"events":{},"id":"yoy6wh7","label":"event-click","position":{"x":1115.5618011460142,"y":445.08636521249537}},{"type":"BlockBasic","data":{"findBy":"cssSelector","markEl":false,"onError":{"toDo":"continue","retry":false,"enable":true,"insertData":false,"retryTimes":30,"dataToInsert":[],"retryInterval":0.1},"multiple":false,"selector":".RuoYi_iframe:nth-child(3) |> a.layui-layer-btn0","settings":{"debugMode":false,"blockTimeout":0},"description":"返回确定","disableBlock":false,"waitForSelector":false,"waitSelectorTimeout":5000},"events":{},"id":"iflmrjx","label":"event-click","position":{"x":1436.3920931573607,"y":657.1339259921004}},{"type":"BlockBasic","data":{"url":"http://172.30.0.253/phis/index","active":true,"inGroup":false,"tabZoom":1,"userAgent":"","description":"","disableBlock":false,"updatePrevTab":false,"waitTabLoaded":false,"customUserAgent":false},"events":{},"id":"a88e1q5","label":"new-tab","position":{"x":-304.8584925749948,"y":-631.6804493883078}},{"type":"BlockBasic","data":{"findBy":"cssSelector","markEl":false,"onError":{"toDo":"continue","retry":true,"enable":true,"insertData":false,"retryTimes":20,"dataToInsert":[],"retryInterval":1},"multiple":false,"selector":".in > li:nth-child(2) > .menuItem","settings":{"debugMode":false,"blockTimeout":0},"description":"个人档案","disableBlock":false,"waitForSelector":false,"waitSelectorTimeout":5000},"events":{},"id":"a3j2weh","label":"event-click","position":{"x":339.93112421013484,"y":-430.05441679827567}},{"type":"BlockBasic","data":{"findBy":"cssSelector","markEl":false,"onError":{"toDo":"error","retry":true,"enable":true,"insertData":false,"retryTimes":200,"dataToInsert":[],"retryInterval":0.1},"multiple":false,"selector":".RuoYi_iframe:nth-child(3) |> .right > a:nth-child(5) > .layui-icon","settings":{"debugMode":false,"blockTimeout":0},"description":"尾页","disableBlock":false,"waitForSelector":false,"waitSelectorTimeout":5000},"events":{},"id":"ak3axc2","label":"event-click","position":{"x":273.1443580779014,"y":-228.04891468713475}},{"type":"BlockRepeatTask","data":{"repeatFor":"1500","disableBlock":false},"events":{},"id":"f064wsn","label":"repeat-task","position":{"x":511.8606032166265,"y":-521.2565078749249}},{"type":"BlockDelay","data":{"time":"1000","disableBlock":false},"events":{},"id":"kjj1677","label":"delay","position":{"x":1278.5864605626045,"y":262.6679885084541}},{"type":"BlockDelay","data":{"time":"4000","disableBlock":false},"events":{},"id":"wo7v7yb","label":"delay","position":{"x":1208.8905024811625,"y":1109.1533918898272}},{"type":"BlockDelay","data":{"time":"1000","disableBlock":false},"events":{},"id":"r2uu6ff","label":"delay","position":{"x":791.1321782065979,"y":427.66256367458055}},{"type":"BlockDelay","data":{"time":"3000","disableBlock":false},"events":{},"id":"3x3qmc2","label":"delay","position":{"x":-257.2055491762568,"y":429.1123749459033}},{"type":"BlockDelay","data":{"time":500,"disableBlock":false},"events":{},"id":"nrnido1","label":"delay","position":{"x":-95.68305827237066,"y":-242.99568835381788}},{"type":"BlockBasic","data":{"findBy":"cssSelector","markEl":false,"onError":{"toDo":"continue","retry":false,"enable":true,"insertData":false,"retryTimes":10,"dataToInsert":[],"retryInterval":1},"multiple":false,"selector":"iframe:nth-child(3) |> table:nth-child(2) > tbody > tr:nth-child(5) label:nth-child(1) > input","settings":{"debugMode":false,"blockTimeout":0},"description":"无","disableBlock":false,"waitForSelector":false,"waitSelectorTimeout":6000},"events":{},"id":"g7dsd85","label":"event-click","position":{"x":986.1972962283926,"y":270.4433925656218}},{"type":"BlockBasic","data":{"type":"text-field","delay":0,"value":"","events":[],"findBy":"cssSelector","markEl":false,"onError":{"toDo":"error","retry":true,"enable":true,"insertData":false,"retryTimes":200,"dataToInsert":[],"retryInterval":0.1},"getValue":true,"multiple":false,"saveData":false,"selected":true,"selector":"*:nth-child(4) > *:nth-child(3) |> *:nth-child(1) > *:nth-child(12) > *:nth-child(1)","settings":{"debugMode":false,"blockTimeout":0},"clearValue":true,"dataColumn":"","description":"修改存在","disableBlock":false,"variableName":"","assignVariable":false,"optionPosition":"1","selectOptionBy":"value","waitForSelector":false,"waitSelectorTimeout":5000},"events":{},"id":"9aj2n9f","label":"forms","position":{"x":955.7644284960377,"y":-786.5249774915555}},{"type":"BlockBasic","data":{"type":"text-field","delay":0,"value":"","events":[],"findBy":"cssSelector","markEl":false,"onError":{"toDo":"fallback","retry":true,"enable":true,"insertData":false,"retryTimes":20,"dataToInsert":[],"retryInterval":0.2},"getValue":true,"multiple":false,"saveData":false,"selected":true,"selector":"iframe:nth-child(3) |> fieldset:nth-child(2) > table:nth-child(2) tr:nth-child(1) label:nth-child(1) > input","settings":{"debugMode":false,"blockTimeout":0},"clearValue":true,"dataColumn":"","description":"","disableBlock":false,"variableName":"","assignVariable":false,"optionPosition":"1","selectOptionBy":"value","waitForSelector":false,"waitSelectorTimeout":5000},"events":{},"id":"8v692xk","label":"forms","position":{"x":574.9124582287495,"y":27.361210932335283}},{"type":"BlockDelay","data":{"time":"3000","disableBlock":false},"events":{},"id":"mey0oqj","label":"delay","position":{"x":1882.8826514598543,"y":251.67857154677483}},{"type":"BlockDelay","data":{"time":"2000","settings":{"debugMode":false,"blockTimeout":0},"disableBlock":false},"events":{},"id":"0ge6i6p","label":"delay","position":{"x":1457.342557389812,"y":419.95430434409286}},{"type":"BlockBasic","data":{"findBy":"cssSelector","markEl":false,"onError":{"toDo":"continue","retry":false,"enable":true,"insertData":false,"retryTimes":30,"dataToInsert":[],"retryInterval":0.1},"multiple":false,"selector":".RuoYi_iframe:nth-child(3) |> a.layui-layer-btn0","settings":{"debugMode":false,"blockTimeout":0},"description":"返回确定","disableBlock":false,"waitForSelector":false,"waitSelectorTimeout":5000},"events":{},"id":"xqk99ra","label":"event-click","position":{"x":1741.4441407396982,"y":915.170176346207}},{"type":"BlockDelay","data":{"time":"1000","settings":{"debugMode":false,"blockTimeout":0},"disableBlock":false},"events":{},"id":"xqy1xc3","label":"delay","position":{"x":1748.8989487066292,"y":543.9886178142721}},{"type":"BlockDelay","data":{"time":"1000","settings":{"debugMode":false,"blockTimeout":0},"disableBlock":false},"events":{},"id":"pnb8sr2","label":"delay","position":{"x":1756.7821325898117,"y":1075.2968958579238}},{"type":"BlockBasic","data":{"findBy":"cssSelector","markEl":false,"onError":{"toDo":"continue","retry":false,"enable":true,"insertData":false,"retryTimes":30,"dataToInsert":[],"retryInterval":0.1},"multiple":false,"selector":".RuoYi_iframe:nth-child(3) |> a.layui-layer-btn0","settings":{"debugMode":false,"blockTimeout":0},"description":"返回确定","disableBlock":false,"waitForSelector":false,"waitSelectorTimeout":5000},"events":{},"id":"z40mu0b","label":"event-click","position":{"x":1041.4088905003737,"y":987.0169833386357}},{"type":"BlockBasic","data":{"type":"text-field","delay":0,"value":"15036622384","events":[],"findBy":"cssSelector","markEl":false,"onError":{"toDo":"error","retry":true,"enable":true,"insertData":false,"retryTimes":100,"dataToInsert":[],"retryInterval":0.1},"getValue":false,"multiple":false,"saveData":false,"selected":true,"selector":".RuoYi_iframe:nth-child(3) |> tr:nth-child(15) > td","settings":{"debugMode":false,"blockTimeout":0},"clearValue":true,"dataColumn":"","description":"","disableBlock":false,"variableName":"","assignVariable":false,"optionPosition":"1","selectOptionBy":"value","waitForSelector":false,"waitSelectorTimeout":5000},"events":{},"id":"tdctu4y","label":"forms","position":{"x":1535.016123742619,"y":-360.2640560838244}},{"type":"BlockBasic","data":{"type":"text-field","delay":0,"value":"15036622384","events":[],"findBy":"cssSelector","markEl":false,"onError":{"toDo":"error","retry":true,"enable":true,"insertData":false,"retryTimes":100,"dataToInsert":[],"retryInterval":0.1},"getValue":false,"multiple":false,"saveData":false,"selected":true,"selector":".RuoYi_iframe:nth-child(3) |> input#text_guardianPhoneOne","settings":{"debugMode":false,"blockTimeout":0},"clearValue":true,"dataColumn":"","description":"","disableBlock":false,"variableName":"","assignVariable":false,"optionPosition":"1","selectOptionBy":"value","waitForSelector":false,"waitSelectorTimeout":5000},"events":{},"id":"75al11v","label":"forms","position":{"x":1837.2071223249247,"y":-361.61460746243836}},{"type":"BlockConditions","data":{"conditions":[{"id":"3Ek4yJfonswwXWX0Labi-","name":"Path 1","conditions":[{"id":"-RJQXkZkhFKCvR0pBrUac","conditions":[{"id":"_ViT8D5qjhULOl96EJqUj","items":[{"id":"xfB3JINKCW7l7ZWXXTudf","data":{"value":"{{variables.wei}}"},"type":"value","category":"value"},{"id":"HSWvb6b1PyyLg3HHPanNS","type":"eq","category":"compare"},{"id":"pFsTqqzHgQg6ylT-sUDB7","data":{"value":"1"},"type":"value","category":"value"}]}]}]}],"retryCount":10,"description":"","disableBlock":false,"retryTimeout":1000,"retryConditions":false},"events":{},"id":"njvzk0e","label":"conditions","position":{"x":173.5414121500612,"y":123.78917852601101}},{"type":"BlockBasic","data":{"findBy":"cssSelector","markEl":false,"onError":{"toDo":"error","retry":true,"enable":true,"insertData":false,"retryTimes":200,"dataToInsert":[],"retryInterval":0.1},"multiple":false,"selector":".RuoYi_iframe:nth-child(3) |> .right > a:nth-child(5) > .layui-icon","settings":{"debugMode":false,"blockTimeout":0},"description":"尾页","disableBlock":false,"waitForSelector":false,"waitSelectorTimeout":5000},"events":{},"id":"c72emep","label":"event-click","position":{"x":-228.68531400954134,"y":-37.27820198293276}},{"type":"BlockBasic","data":{"type":"text-field","delay":0,"value":"","events":[],"findBy":"cssSelector","markEl":false,"onError":{"toDo":"fallback","retry":true,"enable":true,"insertData":false,"retryTimes":100,"dataToInsert":[],"retryInterval":0.1},"getValue":true,"multiple":false,"saveData":false,"selected":true,"selector":".RuoYi_iframe:nth-child(3) |> input#gotoPageNo","settings":{"debugMode":false,"blockTimeout":0},"clearValue":true,"dataColumn":"","description":"","disableBlock":false,"variableName":"wei","assignVariable":true,"optionPosition":"1","selectOptionBy":"value","waitForSelector":false,"waitSelectorTimeout":5000},"events":{},"id":"gzt5i6t","label":"forms","position":{"x":-238.8203746972103,"y":207.42552615318215}},{"type":"BlockBasic","data":{"findBy":"cssSelector","markEl":false,"onError":{"toDo":"continue","retry":false,"enable":true,"insertData":false,"retryTimes":10,"dataToInsert":[],"retryInterval":1},"multiple":false,"selector":".RuoYi_iframe:nth-child(3) |> td:nth-child(4) > label:nth-child(3) > .x-layui-input","settings":{"debugMode":false,"blockTimeout":0},"description":"RH","disableBlock":false,"waitForSelector":false,"waitSelectorTimeout":6000},"events":{},"id":"2ryad7s","label":"event-click","position":{"x":1599.0940253919864,"y":29.740760220951756}},{"type":"BlockBasic","data":{"findBy":"cssSelector","markEl":false,"onError":{"toDo":"continue","retry":false,"enable":true,"insertData":false,"retryTimes":10,"dataToInsert":[],"retryInterval":1},"multiple":false,"selector":".RuoYi_iframe:nth-child(3) |> tr:nth-child(6) label:nth-child(5) > .x-layui-input","settings":{"debugMode":false,"blockTimeout":0},"description":"血型","disableBlock":false,"waitForSelector":false,"waitSelectorTimeout":6000},"events":{},"id":"0ripad9","label":"event-click","position":{"x":1313.3590542894365,"y":33.033156273394766}},{"type":"BlockBasic","data":{"findBy":"cssSelector","markEl":false,"onError":{"toDo":"continue","retry":false,"enable":true,"insertData":false,"retryTimes":10,"dataToInsert":[],"retryInterval":1},"multiple":false,"selector":".RuoYi_iframe:nth-child(3) |> td > label:nth-child(2) > .checkboxGroup","settings":{"debugMode":false,"blockTimeout":0},"description":"城乡","disableBlock":false,"waitForSelector":false,"waitSelectorTimeout":6000},"events":{},"id":"irplfpe","label":"event-click","position":{"x":2042.0803796336706,"y":-21.527708630796}},{"type":"BlockBasic","data":{"type":"text-field","delay":0,"value":"无","events":[],"findBy":"cssSelector","markEl":false,"onError":{"toDo":"error","retry":false,"enable":false,"insertData":false,"retryTimes":100,"dataToInsert":[],"retryInterval":0.1},"getValue":false,"multiple":false,"saveData":false,"selected":true,"selector":".RuoYi_iframe:nth-child(3) |> input#firstGuardian","settings":{"debugMode":false,"blockTimeout":0},"clearValue":true,"dataColumn":"","description":"联系人","disableBlock":false,"variableName":"","assignVariable":false,"optionPosition":"1","selectOptionBy":"value","waitForSelector":false,"waitSelectorTimeout":5000},"events":{},"id":"kk1qd5g","label":"forms","position":{"x":2503.2007236748077,"y":12.884152846117516}},{"type":"BlockBasic","data":{"type":"text-field","delay":0,"value":"无","events":[],"findBy":"cssSelector","markEl":false,"onError":{"toDo":"error","retry":false,"enable":false,"insertData":false,"retryTimes":100,"dataToInsert":[],"retryInterval":0.1},"getValue":false,"multiple":false,"saveData":false,"selected":true,"selector":".RuoYi_iframe:nth-child(3) |> input#unitName","settings":{"debugMode":false,"blockTimeout":0},"clearValue":true,"dataColumn":"","description":"工作单位","disableBlock":false,"variableName":"","assignVariable":false,"optionPosition":"1","selectOptionBy":"value","waitForSelector":false,"waitSelectorTimeout":5000},"events":{},"id":"en6itga","label":"forms","position":{"x":563.40288333787,"y":258.75839405327156}},{"type":"BlockBasic","data":{"type":"select","delay":0,"value":"无","events":[],"findBy":"cssSelector","markEl":false,"onError":{"toDo":"error","retry":false,"enable":false,"insertData":false,"retryTimes":100,"dataToInsert":[],"retryInterval":0.1},"getValue":false,"multiple":false,"saveData":false,"selected":true,"selector":".RuoYi_iframe:nth-child(3) |> input#unitName","settings":{"debugMode":false,"blockTimeout":0},"clearValue":true,"dataColumn":"","description":"文化程度","disableBlock":false,"variableName":"","assignVariable":false,"optionPosition":"1","selectOptionBy":"last-option","waitForSelector":false,"waitSelectorTimeout":5000},"events":{},"id":"phufzhh","label":"forms","position":{"x":749.7696944141089,"y":286.4916667698211}},{"type":"BlockBasic","data":{"type":"select","delay":0,"value":"无","events":[],"findBy":"cssSelector","markEl":false,"onError":{"toDo":"error","retry":false,"enable":false,"insertData":false,"retryTimes":100,"dataToInsert":[],"retryInterval":0.1},"getValue":false,"multiple":false,"saveData":false,"selected":true,"selector":".RuoYi_iframe:nth-child(3) |> select#occupation","settings":{"debugMode":false,"blockTimeout":0},"clearValue":true,"dataColumn":"","description":"职业","disableBlock":false,"variableName":"","assignVariable":false,"optionPosition":"1","selectOptionBy":"last-option","waitForSelector":false,"waitSelectorTimeout":5000},"events":{},"id":"voxuh73","label":"forms","position":{"x":1139.6022875627527,"y":132.87502330139003}},{"type":"BlockBasic","data":{"findBy":"cssSelector","markEl":false,"onError":{"toDo":"continue","retry":false,"enable":true,"insertData":false,"retryTimes":10,"dataToInsert":[],"retryInterval":1},"multiple":false,"selector":".RuoYi_iframe:nth-child(3) |> tr:nth-child(2) label:nth-child({{variables.ranliao}}) > .x-layui-input","settings":{"debugMode":false,"blockTimeout":0},"description":"液化气","disableBlock":false,"waitForSelector":false,"waitSelectorTimeout":6000},"events":{},"id":"vs67odo","label":"event-click","position":{"x":1625.7728685349807,"y":146.68799240226448}},{"type":"BlockBasic","data":{"findBy":"cssSelector","markEl":false,"onError":{"toDo":"continue","retry":false,"enable":true,"insertData":false,"retryTimes":10,"dataToInsert":[],"retryInterval":1},"multiple":false,"selector":"iframe:nth-child(3) |> fieldset:nth-child(2) tr:nth-child(4) label:nth-child({{variables.cesuo}}) > input","settings":{"debugMode":false,"blockTimeout":0},"description":"卫生厕所","disableBlock":false,"waitForSelector":false,"waitSelectorTimeout":6000},"events":{},"id":"y4wpaxw","label":"event-click","position":{"x":1933.8285383034547,"y":141.75497277360196}},{"type":"BlockBasic","data":{"findBy":"cssSelector","markEl":false,"onError":{"toDo":"continue","retry":false,"enable":true,"insertData":false,"retryTimes":10,"dataToInsert":[],"retryInterval":1},"multiple":false,"selector":".RuoYi_iframe:nth-child(3) |> tr:nth-child(8) > td:nth-child(2) > label:nth-child(1) > .x-layui-input","settings":{"debugMode":false,"blockTimeout":0},"description":"婚姻","disableBlock":false,"waitForSelector":false,"waitSelectorTimeout":6000},"events":{},"id":"ol71e77","label":"event-click","position":{"x":2261.058888970695,"y":131.05727909362272}},{"type":"BlockBasic","data":{"type":"select","delay":0,"value":"无","events":[],"findBy":"cssSelector","markEl":false,"onError":{"toDo":"error","retry":false,"enable":false,"insertData":false,"retryTimes":100,"dataToInsert":[],"retryInterval":0.1},"getValue":false,"multiple":false,"saveData":false,"selected":true,"selector":".RuoYi_iframe:nth-child(3) |> select#education","settings":{"debugMode":false,"blockTimeout":0},"clearValue":true,"dataColumn":"","description":"文化程度","disableBlock":false,"variableName":"","assignVariable":false,"optionPosition":"1","selectOptionBy":"last-option","waitForSelector":false,"waitSelectorTimeout":5000},"events":{},"id":"n27vpbk","label":"forms","position":{"x":2515.969885477971,"y":167.0263115047334}},{"type":"BlockBasic","data":{"type":"select","delay":0,"value":"{{variables.zhen}}","events":[],"findBy":"cssSelector","markEl":false,"onError":{"toDo":"error","retry":false,"enable":false,"insertData":false,"retryTimes":100,"dataToInsert":[],"retryInterval":0.1},"getValue":false,"multiple":false,"saveData":false,"selected":true,"selector":".RuoYi_iframe:nth-child(3) |> select#hrtownShip","settings":{"debugMode":false,"blockTimeout":0},"clearValue":true,"dataColumn":"","description":"镇","disableBlock":false,"variableName":"","assignVariable":false,"optionPosition":"7","selectOptionBy":"custom-position","waitForSelector":false,"waitSelectorTimeout":5000},"events":{},"id":"960yj59","label":"forms","position":{"x":1674.6051449134764,"y":-721.9205659015}},{"type":"BlockBasic","data":{"type":"select","delay":0,"value":"{{variables.cun}}","events":[],"findBy":"cssSelector","markEl":false,"onError":{"toDo":"error","retry":false,"enable":false,"insertData":false,"retryTimes":100,"dataToInsert":[],"retryInterval":0.1},"getValue":false,"multiple":false,"saveData":false,"selected":true,"selector":".RuoYi_iframe:nth-child(3) |> select#hrstreet","settings":{"debugMode":false,"blockTimeout":0},"clearValue":true,"dataColumn":"","description":"村","disableBlock":false,"variableName":"","assignVariable":false,"optionPosition":"28","selectOptionBy":"custom-position","waitForSelector":false,"waitSelectorTimeout":5000},"events":{},"id":"lpch92h","label":"forms","position":{"x":2050.762302710965,"y":-849.2463731343555}},{"type":"BlockDelay","data":{"time":"600","disableBlock":false},"events":{},"id":"c7blbln","label":"delay","position":{"x":1990.580982109168,"y":-545.1016335520677}},{"type":"BlockBasic","data":{"type":"text-field","delay":0,"value":"1","events":[],"findBy":"cssSelector","markEl":false,"onError":{"toDo":"error","retry":false,"enable":false,"insertData":false,"retryTimes":100,"dataToInsert":[],"retryInterval":0.1},"getValue":false,"multiple":false,"saveData":false,"selected":true,"selector":".RuoYi_iframe:nth-child(3) |> textarea#text_hrhouseNumber","settings":{"debugMode":false,"blockTimeout":0},"clearValue":true,"dataColumn":"","description":"文化程度","disableBlock":false,"variableName":"","assignVariable":false,"optionPosition":"28","selectOptionBy":"custom-position","waitForSelector":false,"waitSelectorTimeout":5000},"events":{},"id":"r7w78mx","label":"forms","position":{"x":2543.283841967032,"y":-469.95452332892614}},{"type":"BlockBasic","data":{"findBy":"cssSelector","markEl":false,"onError":{"toDo":"continue","retry":false,"enable":true,"insertData":false,"retryTimes":10,"dataToInsert":[],"retryInterval":1},"multiple":false,"selector":".RuoYi_iframe:nth-child(3) |> .lose:nth-child(2) > .checkboxGroup","settings":{"debugMode":false,"blockTimeout":0},"description":"城乡","disableBlock":false,"waitForSelector":false,"waitSelectorTimeout":6000},"events":{},"id":"xjmth0j","label":"event-click","position":{"x":2212.120391189545,"y":-110.44608637653268}},{"type":"BlockBasic","data":{"disableBlock":false},"events":{},"id":"ysp49bt","label":"active-tab","position":{"x":0.2491610540137117,"y":-711.1729481351897}},{"type":"BlockBasic","data":{"type":"text-field","delay":0,"value":"","events":[],"findBy":"cssSelector","markEl":false,"getValue":true,"multiple":false,"saveData":false,"selected":true,"selector":"span.user-name","clearValue":true,"dataColumn":"","description":"姓名存在","disableBlock":false,"variableName":"","assignVariable":false,"optionPosition":"1","selectOptionBy":"value","waitForSelector":false,"waitSelectorTimeout":5000},"events":{},"id":"eujzycm","label":"forms","position":{"x":-235.9570194395144,"y":-1176.8809980916376}},{"type":"BlockBasic","data":{"code":"// 创建一个代表特定时间的 Date 对象\nconst specificTime = new Date('2025-12-31T23:59:59');\n\n// 获取当前时间的 Date 对象\nconst currentTime = new Date();\n\n// 比较当前时间和特定时间\nif (currentTime > specificTime) {\n    // 如果当前时间晚于特定时间，设置 status 为 0       到期 到期 到期 到期\n   automaSetVariable('status', 0)\n    console.log(\"当前时间超出2025年2月6日18:00，status 设置为：\", status);\n} else {\n    // 如果当前时间早于或等于特定时间，status 可以保持默认值或设置为其他值\n    automaSetVariable('status', 1) // 或者其他默认值\n    console.log(\"当前时间未超出2025年2月6日18:00，status 设置为：\", status);\n}","context":"website","timeout":20000,"description":"合法期限","everyNewTab":false,"disableBlock":false,"runBeforeLoad":false,"preloadScripts":[]},"events":{},"id":"wkkq1um","label":"javascript-code","position":{"x":470.4724002983389,"y":-1150.9051272825698}},{"type":"BlockConditions","data":{"settings":{"debugMode":false,"blockTimeout":0},"conditions":[{"id":"vB_oRhUXH_YmVnD6B-XvB","name":"Path 1","conditions":[{"id":"mP68e1kJh-K9rZprFJ4sl","conditions":[{"id":"duViMBVPDVsbO487m0U3_","items":[{"id":"heAPB9Vr_Uyqg--Wr4Dot","data":{"value":"{{variables.status}}"},"type":"value","category":"value"},{"id":"p_ROmM3amasOQ7nimi0WL","type":"eq","category":"compare"},{"id":"g7_3iK3BC4qiaYE41M4Ug","data":{"value":"0"},"type":"value","category":"value"}]}]}]}],"retryCount":10,"description":"","disableBlock":false,"retryTimeout":1000,"retryConditions":false},"events":{},"id":"1kia4cl","label":"conditions","position":{"x":505.4233015146201,"y":-912.0536378452064}},{"type":"BlockBasic","data":{"type":"text-field","delay":0,"value":"{{variables.status}}","events":[],"findBy":"cssSelector","markEl":false,"onError":{"toDo":"error","retry":false,"enable":true,"insertData":false,"retryTimes":1,"dataToInsert":[],"retryInterval":2},"getValue":false,"multiple":false,"saveData":false,"selected":true,"selector":"cuowuasdaadaaa","settings":{"debugMode":false,"blockTimeout":0},"clearValue":true,"dataColumn":"","description":"姓名存在","disableBlock":false,"variableName":"","assignVariable":false,"optionPosition":"1","selectOptionBy":"value","waitForSelector":false,"waitSelectorTimeout":5000},"events":{},"id":"muly5rm","label":"forms","position":{"x":940.2805591629419,"y":-1408.618332823509}},{"type":"BlockBasic","data":{"findBy":"cssSelector","markEl":false,"onError":{"toDo":"continue","retry":true,"enable":true,"insertData":false,"retryTimes":16,"dataToInsert":[],"retryInterval":1},"multiple":false,"selector":".RuoYi_iframe:nth-child(3) |> li#basic_info_li","settings":{"debugMode":false,"blockTimeout":0},"description":"基本信息","disableBlock":false,"waitForSelector":false,"waitSelectorTimeout":5000},"events":{},"id":"qjfesin","label":"event-click","position":{"x":931.2816237446311,"y":-388.75685253462393}},{"type":"BlockBasic","data":{"type":"text-field","delay":0,"value":"15036622384","events":[],"findBy":"cssSelector","markEl":false,"onError":{"toDo":"error","retry":true,"enable":true,"insertData":false,"retryTimes":100,"dataToInsert":[],"retryInterval":0.1},"getValue":true,"multiple":false,"saveData":false,"selected":true,"selector":".RuoYi_iframe:nth-child(3) |> li#basic_info_li","settings":{"debugMode":false,"blockTimeout":0},"clearValue":true,"dataColumn":"","description":"基本信息存在","disableBlock":false,"variableName":"","assignVariable":false,"optionPosition":"1","selectOptionBy":"value","waitForSelector":false,"waitSelectorTimeout":5000},"events":{},"id":"urrawge","label":"forms","position":{"x":936.9261274371054,"y":-545.6753020066146}},{"type":"BlockBasic","data":{"type":"text-field","delay":0,"value":"15036622384","events":[],"findBy":"cssSelector","markEl":false,"onError":{"toDo":"fallback","retry":true,"enable":true,"insertData":false,"retryTimes":50,"dataToInsert":[],"retryInterval":0.1},"getValue":true,"multiple":false,"saveData":false,"selected":true,"selector":".RuoYi_iframe:nth-child(3) |> .posttable > * > *:nth-child(2) > *:nth-child(4) > *","settings":{"debugMode":false,"blockTimeout":0},"clearValue":true,"dataColumn":"","description":"","disableBlock":false,"variableName":"","assignVariable":false,"optionPosition":"1","selectOptionBy":"value","waitForSelector":false,"waitSelectorTimeout":5000},"events":{},"id":"c5xt30o","label":"forms","position":{"x":878.4393514976027,"y":-324.9653225113682}},{"type":"BlockBasic","data":{"code":"automaSetVariable('chufang', Math.floor(Math.random() * 3) + 1);\n\nautomaSetVariable('ranliao', Math.floor(Math.random() * 5) + 1);\n\nautomaSetVariable('shui', Math.floor(Math.random() * 2) + 1);\n\nautomaSetVariable('cesuo', Math.floor(Math.random() * 3) + 1);","context":"website","timeout":20000,"description":"","everyNewTab":false,"disableBlock":false,"runBeforeLoad":false,"preloadScripts":[]},"events":{},"id":"ln3by6i","label":"javascript-code","position":{"x":955.2378142356422,"y":-81.20556959255856}},{"type":"BlockConditions","data":{"conditions":[{"id":"e2L7coxgXJZwePZRhPA0T","name":"Path 1","conditions":[{"id":"fPfDpu4ljO894m4CBujIg","conditions":[{"id":"RAyw0TZK-gBxEObhOPVFG","items":[{"id":"6OFq8TuAorQt2w3rXevpF","data":{"value":"{{variables.cesuo}}"},"type":"value","category":"value"},{"id":"rbthTZ8Dp6tTjjuFEy7UW","type":"eq","category":"compare"},{"id":"RXhJ75s-PvFJL7viWdGNc","data":{"value":"3"},"type":"value","category":"value"}]}]}]}],"retryCount":10,"description":"","disableBlock":false,"retryTimeout":1000,"retryConditions":false},"events":{},"id":"bnh6egh","label":"conditions","position":{"x":1723.6847824278107,"y":-117.70406045317252}},{"type":"BlockBasic","data":{"findBy":"cssSelector","markEl":false,"onError":{"toDo":"continue","retry":false,"enable":true,"insertData":false,"retryTimes":10,"dataToInsert":[],"retryInterval":1},"multiple":false,"selector":"iframe:nth-child(3) |> tbody:nth-child(1) > tr:nth-child(4) > td > label:nth-child(3) > input","settings":{"debugMode":false,"blockTimeout":0},"description":"卫生厕所","disableBlock":false,"waitForSelector":false,"waitSelectorTimeout":6000},"events":{},"id":"qcyy98m","label":"event-click","position":{"x":2013.7644509263441,"y":123.86833187796425}},{"type":"BlockBasic","data":{"findBy":"cssSelector","markEl":false,"onError":{"toDo":"continue","retry":false,"enable":true,"insertData":false,"retryTimes":10,"dataToInsert":[],"retryInterval":1},"multiple":false,"selector":"iframe:nth-child(3) |> fieldset:nth-child(2) tr:nth-child(3) label:nth-child({{variables.shui}}) > input","settings":{"debugMode":false,"blockTimeout":0},"description":"水","disableBlock":false,"waitForSelector":false,"waitSelectorTimeout":6000},"events":{},"id":"nhtymqb","label":"event-click","position":{"x":1370.489470774075,"y":122.64052996664054}},{"type":"BlockDelay","data":{"time":"600","disableBlock":false},"events":{},"id":"aqncna7","label":"delay","position":{"x":1180.2885530937447,"y":-427.61450887402304}},{"type":"BlockDelay","data":{"time":"600","disableBlock":false},"events":{},"id":"lgpqx0n","label":"delay","position":{"x":1292.8356225083282,"y":-629.7309011408211}},{"type":"BlockBasic","data":{"findBy":"cssSelector","markEl":false,"onError":{"toDo":"error","retry":false,"enable":true,"insertData":false,"retryTimes":10,"dataToInsert":[],"retryInterval":1},"multiple":false,"selector":".RuoYi_iframe:nth-child(3) |> .pop_No:nth-child(8) > #button_save > .layui-btn","settings":{"debugMode":false,"blockTimeout":2000},"description":"保存","disableBlock":false,"waitForSelector":false,"waitSelectorTimeout":5000},"events":{},"id":"b7yblpw","label":"event-click","position":{"x":1913.8406624081954,"y":678.9226280295779}},{"type":"BlockDelay","data":{"time":"3000","disableBlock":false},"events":{},"id":"baklkrn","label":"delay","position":{"x":2232.965694746996,"y":603.537254143308}},{"type":"BlockBasic","data":{"findBy":"cssSelector","markEl":false,"onError":{"toDo":"continue","retry":true,"enable":true,"insertData":false,"retryTimes":30,"dataToInsert":[],"retryInterval":0.1},"multiple":false,"selector":".RuoYi_iframe:nth-child(3) |> a.layui-layer-btn0","settings":{"debugMode":false,"blockTimeout":0},"description":"保存确定","disableBlock":false,"waitForSelector":false,"waitSelectorTimeout":5000},"events":{},"id":"2ec25l9","label":"event-click","position":{"x":2567.1177037868842,"y":586.4447630391635}},{"type":"BlockDelay","data":{"time":"3000","disableBlock":false},"events":{},"id":"9pepq0q","label":"delay","position":{"x":2290.068251984562,"y":742.3192196128766}},{"type":"BlockConditions","data":{"description":"权限设置","disableBlock":false,"conditions":[{"id":"luNkJhTyoIwq4oMLHsZD_","name":"Path 1","conditions":[{"id":"7WWyauxsAqN4yEMS3W0Js","conditions":[{"id":"yKjnG1-EZNIcVrva7Tbyk","items":[{"type":"element#text","category":"value","data":{"selector":"span#userNameSpan"},"id":"ScQPZsxVlUgvgxzJysHcz"},{"category":"compare","type":"cnt","id":"WoU8CheEufUQ4UryTrqXT"},{"type":"value","category":"value","data":{"value":"厚坡镇饶营村卫生所"},"id":"OUbb_DSL76x7ZNYaftB_0"}]}]},{"id":"XEvzlHvvPExS6fHY2c4BQ","conditions":[{"id":"jsAjxddz_bAYZCAO3CX6V","items":[{"type":"element#text","category":"value","data":{"selector":"span#userNameSpan"},"id":"9WFD5Yql_NBTUj0FI2jZ1"},{"category":"compare","type":"cnt","id":"swpTPm4SyKLExQclh1vlF"},{"type":"value","category":"value","data":{"value":"上集镇山根村卫生所"},"id":"Q_PAf3IuXgAQ_qGIGlzuX"}]}]},{"id":"c9gLmktFt51WmxlBZJvW4","conditions":[{"id":"53QHep3oXWI4z6DCPs1RJ","items":[{"type":"element#text","category":"value","data":{"selector":"span#userNameSpan"},"id":"davU2tF7oL4ohd4Wv-fPt"},{"category":"compare","type":"cnt","id":"UdI_eFua5ZFliK9hE1752"},{"type":"value","category":"value","data":{"value":"九重镇张河村卫生所"},"id":"x5GlG5R7Oio_KpIByebCe"}]}]},{"id":"-DhCrhKekccU5c7OfzI63","conditions":[{"id":"pmPfUStTp79AJUgKMOeFd","items":[{"type":"element#text","category":"value","data":{"selector":"span#userNameSpan"},"id":"FwASJyf4dbBA6NeaK1M9W"},{"category":"compare","type":"cnt","id":"eqpE3tdzpIxjZHePL-Vh2"},{"type":"value","category":"value","data":{"value":"厚坡镇前河村卫生所"},"id":"J1MX5wwl3KSzvWjz228VI"}]}]},{"id":"dn0cVLsZrH8hMUO1fI-hL","conditions":[{"id":"5ryJmshS_YlBeppQaxXC-","items":[{"type":"element#text","category":"value","data":{"selector":"span#userNameSpan"},"id":"gke9XRXc5bjgEeyL1Hq77"},{"category":"compare","type":"cnt","id":"LPJ8lCgHca84YCywNTWUz"},{"type":"value","category":"value","data":{"value":"厚坡镇马王港村卫生所"},"id":"M6AoFv0455J0wKxMbbS-B"}]}]},{"id":"hQWdCFG3fQg8kDuMuO8bb","conditions":[{"id":"LDq-vS_-9CFbav75UW0DW","items":[{"type":"element#text","category":"value","data":{"selector":"span#userNameSpan"},"id":"KZ4k512Nj3tU3FWI1_h0J"},{"category":"compare","type":"cnt","id":"V3VLdhv31ks6vyckpc-T8"},{"type":"value","category":"value","data":{"value":"厚坡镇裴岗村卫生所"},"id":"h7X4dYJrPGQ8CWhK1gh00"}]}]},{"id":"6edilahMIpHlOi8hYpNGB","conditions":[{"id":"9tGDRxgg5e3IA0iVBJrSd","items":[{"type":"element#text","category":"value","data":{"selector":"span#userNameSpan"},"id":"-rLN4kSLT2EN4hhAKe1rN"},{"category":"compare","type":"cnt","id":"z_W2LzpfRtuhywluUFGY1"},{"type":"value","category":"value","data":{"value":"香花镇吴田村卫生所"},"id":"UM6i6l015uZ5mwYQshSR6"}]}]},{"id":"eja_TjVh5DxgazBprbxe7","conditions":[{"id":"ytZFtAVrDEY60lZql6dhd","items":[{"type":"element#text","category":"value","data":{"selector":"span#userNameSpan"},"id":"BRl8GKio-DZy5cAp-eMTK"},{"category":"compare","type":"cnt","id":"pGS4ncVcu-9a_P0jvd6dE"},{"type":"value","category":"value","data":{"value":"厚坡镇柴沟村卫生所"},"id":"2wGVzM5ic5ZZ8IeLksiOD"}]}]},{"id":"fDp6oqP6rakrg2vPWO6W6","conditions":[{"id":"07U6FINrlPxsySzzCO1Au","items":[{"type":"element#text","category":"value","data":{"selector":"span#userNameSpan"},"id":"2HUsHGEtv0IgaGk6ejtDV"},{"category":"compare","type":"cnt","id":"NrEFWfQS-p7ISwRwUxPfe"},{"type":"value","category":"value","data":{"value":"九重镇刘营村卫生所"},"id":"YtgrgbevHIiPbUn3Rii24"}]}]},{"id":"zw068NIknR4O_4jNHlo71","conditions":[{"id":"ysfThZBAa_icNjYjogS02","items":[{"type":"element#text","category":"value","data":{"selector":"span#userNameSpan"},"id":"5xVwwKQowtCoHdG06ddmi"},{"category":"compare","type":"cnt","id":"dTeIDuctZkQ0Wir3rvUaa"},{"type":"value","category":"value","data":{"value":"厚坡镇陈营村卫生所"},"id":"pOsfruUqa6so7YpuL-Sl6"}]}]},{"id":"Dz6XkZn9scwlgyBkHUUIW","conditions":[{"id":"QY3QMVFGDahTmU1qRt4pk","items":[{"type":"element#text","category":"value","data":{"selector":"span#userNameSpan"},"id":"epm5QVn9g9TkwyYnrOHlc"},{"category":"compare","type":"cnt","id":"HuxCijTPNbnegaar89b1R"},{"type":"value","category":"value","data":{"value":"荆紫关镇药王庙村"},"id":"EDp7B2Do9NAclg_Nk9J8Q"}]}]},{"id":"YjI1vVRe-qMWT5DD9YjlI","conditions":[{"id":"xE976TrX-rP73zXJeR3pa","items":[{"type":"element#text","category":"value","data":{"selector":"span#userNameSpan"},"id":"_bQ8zMp8JsLZZT9FO_BJz"},{"category":"compare","type":"cnt","id":"VgaKqLxIHnjWUz0A1r055"},{"type":"value","category":"value","data":{"value":"九重镇武店村"},"id":"23AnQ7QIyY-eEAWe5gAPC"}]}]},{"id":"ZS_lifuVj4piXSNZMmz_k","conditions":[{"id":"4WVpx1iuheklTB56R6tXy","items":[{"type":"element#text","category":"value","data":{"selector":"span#userNameSpan"},"id":"BffqlL0B_DKxrzbeHzcrM"},{"category":"compare","type":"cnt","id":"FCwgWK9f1AkAzHbX0pWJs"},{"type":"value","category":"value","data":{"value":"九重镇九重村"},"id":"Kn1Z5Eot05u_-y--mqA__"}]}]},{"id":"vqIyxCjkDPnH7lbI1jTIx","conditions":[{"id":"yzTKtZjT-mKX80u_PeK69","items":[{"type":"element#text","category":"value","data":{"selector":"span#userNameSpan"},"id":"FD5reWVsMSP23_vTZ5tmd"},{"category":"compare","type":"cnt","id":"y3T0NmoKIV3lG8xmf81ix"},{"type":"value","category":"value","data":{"value":"九重镇王楼村"},"id":"mCjrer76OM-UPul5EeRAp"}]}]},{"id":"kXAL7Jj6eMZaq99Cqs-lf","conditions":[{"id":"L4qj1ioznYRzMKPHFaxJT","items":[{"type":"element#text","category":"value","data":{"selector":"span#userNameSpan"},"id":"IWvtV_m-GVabvgv7vyVeC"},{"category":"compare","type":"cnt","id":"GMF7eYmnNYDiWWrDcT9Q6"},{"type":"value","category":"value","data":{"value":"厚坡镇张寨村卫生所"},"id":"GWdSmK209B8YWVzkoNgGv"}]}]},{"id":"ExsXMRzO1BGYcv7-gqBud","conditions":[{"id":"-mPkVR3WjzaC-A0vRpXxa","items":[{"type":"element#text","category":"value","data":{"selector":"span#userNameSpan"},"id":"7hSdMs8pCZON1wpKJrpMC"},{"category":"compare","type":"cnt","id":"hJalDk_Mz-q8jTHuuFQgR"},{"type":"value","category":"value","data":{"value":"九重镇太平村"},"id":"zyGEPm9xTSebcaHLxhRpW"}]}]},{"id":"lXHZkHAP8UdoKCE9X-Ott","conditions":[{"id":"PBUTV_LNPCva38T7Cp2B6","items":[{"type":"element#text","category":"value","data":{"selector":"span#userNameSpan"},"id":"_UyaRA8BgkPEChkVThMjL"},{"category":"compare","type":"cnt","id":"43lNzLnAuJ_XFItlNIpXX"},{"type":"value","category":"value","data":{"value":"九重镇邹楼村"},"id":"GFe5-POzW2unj3tmo2irf"}]}]},{"id":"QBmQXdmZJHlImJjhHCyY4","conditions":[{"id":"BOrTmjGj_kADPyi6HfWva","items":[{"type":"element#text","category":"value","data":{"selector":"span#userNameSpan"},"id":"AP6jRlpkwFkTgUqTU9hgt"},{"category":"compare","type":"cnt","id":"NzApl9hsJkFitiCVEI7ZF"},{"type":"value","category":"value","data":{"value":"厚坡镇蒋营村"},"id":"ynFERqauosnfk-msUZh9B"}]}]},{"id":"0hGL0VeIo156k3j0yR3vw","conditions":[{"id":"Kl1-nUtMXUEc80ed9uBQx","items":[{"type":"element#text","category":"value","data":{"selector":"span#userNameSpan"},"id":"lm62fbBi6wuXMPxVkHAH_"},{"category":"compare","type":"cnt","id":"mZuVg3WPIgeTySr2FllRU"},{"type":"value","category":"value","data":{"value":"厚坡镇王河村卫生所"},"id":"KhXNmcGrv_mztSwVNUENV"}]}]},{"id":"ZsMG_9BHvMmr4DXoFxMzZ","conditions":[{"id":"4YrxurL6_Vml8Yc72cPgU","items":[{"type":"element#text","category":"value","data":{"selector":"span#userNameSpan"},"id":"SJiS3NKVaOhHj8RNxpK0-"},{"category":"compare","type":"cnt","id":"fgIlaW7cX6j8OdcMQQnA8"},{"type":"value","category":"value","data":{"value":"厚坡镇唐庄村"},"id":"D35nd-6JSD4WAvwSC-ouV"}]}]},{"id":"GrS5TyqiEBNtz7YnIKCLi","conditions":[{"id":"EBe1GeIb7MuR9skuRcVqH","items":[{"type":"element#text","category":"value","data":{"selector":"span#userNameSpan"},"id":"3cLYu7f2iySGwYOKDkio0"},{"category":"compare","type":"cnt","id":"1L55Ukk2ExYLx71noQVTf"},{"type":"value","category":"value","data":{"value":"厚坡镇李寨村"},"id":"3H-1dV4uIYRHLNzNGaSml"}]}]},{"id":"JQV0D1XJzZXxP_WX058no","conditions":[{"id":"ghIfylyZhtK9qSMROdtap","items":[{"type":"element#text","category":"value","data":{"selector":"span#userNameSpan"},"id":"czKeVa2KtCflqlHUHHbfH"},{"category":"compare","type":"cnt","id":"tG-Ic4ymhE-5DK5O0R7Jg"},{"type":"value","category":"value","data":{"value":"九重镇周岗村卫生所"},"id":"9htIq4lWtS1b-ABTfaIDy"}]}]}]}],"retryConditions":false,"retryCount":10,"retryTimeout":1000,"settings":{"blockTimeout":0,"debugMode":false}},"events":{},"label":"conditions","id":"fa1r367","position":{"x":120.37481765147652,"y":-1455.642935829471}}],"edges":[{"type":"custom","updatable":true,"selectable":true,"markerEnd":"arrowclosed","sourceHandle":"YIqg8ShtqBDfFT4jsj5D1-output-1","targetHandle":"a88e1q5-input-1","source":"YIqg8ShtqBDfFT4jsj5D1","target":"a88e1q5","data":{},"events":{},"id":"vueflow__edge-YIqg8ShtqBDfFT4jsj5D1YIqg8ShtqBDfFT4jsj5D1-output-1-a88e1q5a88e1q5-input-1","sourceX":-446.4354989739543,"sourceY":-593.5678967881911,"targetX":-324.8584925749948,"targetY":-595.6804493883078},{"type":"custom","updatable":true,"selectable":true,"markerEnd":"arrowclosed","sourceHandle":"ew0gz4x-output-1","targetHandle":"r2uu6ff-input-1","source":"ew0gz4x","target":"r2uu6ff","data":{},"events":{},"id":"vueflow__edge-ew0gz4xew0gz4x-output-1-r2uu6ffr2uu6ff-input-1","sourceX":2443.2397749748734,"sourceY":352.26548867463333,"targetX":771.1321782065979,"targetY":486.2458766628618},{"type":"custom","updatable":true,"selectable":true,"markerEnd":"arrowclosed","sourceHandle":"r2uu6ff-output-1","targetHandle":"yoy6wh7-input-1","source":"r2uu6ff","target":"yoy6wh7","data":{},"events":{},"id":"vueflow__edge-r2uu6ffr2uu6ff-output-1-yoy6wh7yoy6wh7-input-1","sourceX":1003.1321782065979,"sourceY":486.2458766628618,"targetX":1095.5618011460142,"targetY":481.08636521249537},{"type":"custom","updatable":true,"selectable":true,"markerEnd":"arrowclosed","sourceHandle":"ak3axc2-output-1","targetHandle":"f064wsn-input-1","source":"ak3axc2","target":"f064wsn","data":{},"events":{},"id":"vueflow__edge-ak3axc2ak3axc2-output-1-f064wsnf064wsn-input-1","sourceX":485.1443580779014,"sourceY":-192.04891468713475,"targetX":491.8606032166265,"targetY":-450.6731948866436},{"type":"custom","updatable":true,"selectable":true,"markerEnd":"arrowclosed","sourceHandle":"a3j2weh-output-1","targetHandle":"nrnido1-input-1","source":"a3j2weh","target":"nrnido1","data":{},"events":{},"id":"vueflow__edge-a3j2weha3j2weh-output-1-nrnido1nrnido1-input-1","sourceX":551.9311242101348,"sourceY":-394.05441679827567,"targetX":-115.68305827237066,"targetY":-184.41236010674757},{"type":"custom","updatable":true,"selectable":true,"markerEnd":"arrowclosed","sourceHandle":"nrnido1-output-1","targetHandle":"ak3axc2-input-1","source":"nrnido1","target":"ak3axc2","data":{},"events":{},"id":"vueflow__edge-nrnido1nrnido1-output-1-ak3axc2ak3axc2-input-1","sourceX":116.31694172762934,"sourceY":-184.41236010674757,"targetX":253.14435807790142,"targetY":-192.04891468713475},{"type":"custom","updatable":true,"selectable":true,"markerEnd":"arrowclosed","sourceHandle":"g7dsd85-output-1","targetHandle":"kjj1677-input-1","source":"g7dsd85","target":"kjj1677","data":{},"events":{},"id":"vueflow__edge-g7dsd85g7dsd85-output-1-kjj1677kjj1677-input-1","sourceX":1198.1972962283926,"sourceY":306.4433925656218,"targetX":1258.5864605626045,"targetY":321.2513014967353},{"type":"custom","updatable":true,"selectable":true,"markerEnd":"arrowclosed","sourceHandle":"9aj2n9f-output-1","targetHandle":"l5u7i0u-input-1","source":"9aj2n9f","target":"l5u7i0u","data":{},"events":{},"id":"vueflow__edge-9aj2n9f9aj2n9f-output-1-l5u7i0ul5u7i0u-input-1","sourceX":1167.7644284960377,"sourceY":-750.5249774915555,"targetX":957.7151461708345,"targetY":-632.4955383146962},{"type":"custom","updatable":true,"selectable":true,"markerEnd":"arrowclosed","sourceHandle":"l1fl7jm-output-1","targetHandle":"8v692xk-input-1","source":"l1fl7jm","target":"8v692xk","data":{},"events":{},"id":"vueflow__edge-l1fl7jml1fl7jm-output-1-8v692xk8v692xk-input-1","sourceX":1534.2822728276153,"sourceY":-214.96098081047774,"targetX":554.9124582287495,"targetY":75.36121093233528},{"type":"custom","updatable":true,"selectable":true,"markerEnd":"arrowclosed","sourceHandle":"yoy6wh7-output-1","targetHandle":"0ge6i6p-input-1","source":"yoy6wh7","target":"0ge6i6p","data":{},"events":{},"id":"vueflow__edge-yoy6wh7yoy6wh7-output-1-0ge6i6p0ge6i6p-input-1","sourceX":1327.5618011460142,"sourceY":481.08636521249537,"targetX":1437.342557389812,"targetY":478.5376173323741},{"type":"custom","updatable":true,"selectable":true,"markerEnd":"arrowclosed","sourceHandle":"mey0oqj-output-1","targetHandle":"ew0gz4x-input-1","source":"mey0oqj","target":"ew0gz4x","data":{},"events":{},"id":"vueflow__edge-mey0oqjmey0oqj-output-1-ew0gz4xew0gz4x-input-1","sourceX":2094.882651459854,"sourceY":310.2618845350561,"targetX":2211.2397749748734,"targetY":352.26548867463333},{"type":"custom","updatable":true,"selectable":true,"markerEnd":"arrowclosed","sourceHandle":"0ge6i6p-output-1","targetHandle":"iflmrjx-input-1","source":"0ge6i6p","target":"iflmrjx","data":{},"events":{},"id":"vueflow__edge-0ge6i6p0ge6i6p-output-1-iflmrjxiflmrjx-input-1","sourceX":1669.342557389812,"sourceY":478.5376173323741,"targetX":1416.3920931573607,"targetY":693.1339259921004},{"type":"custom","updatable":true,"selectable":true,"markerEnd":"arrowclosed","sourceHandle":"iflmrjx-output-1","targetHandle":"xqy1xc3-input-1","source":"iflmrjx","target":"xqy1xc3","data":{},"events":{},"id":"vueflow__edge-iflmrjxiflmrjx-output-1-xqy1xc3xqy1xc3-input-1","sourceX":1648.3920931573607,"sourceY":693.1339259921004,"targetX":1728.8989487066292,"targetY":602.5719308025533},{"type":"custom","updatable":true,"selectable":true,"markerEnd":"arrowclosed","sourceHandle":"xqk99ra-output-1","targetHandle":"pnb8sr2-input-1","source":"xqk99ra","target":"pnb8sr2","data":{},"events":{},"id":"vueflow__edge-xqk99raxqk99ra-output-1-pnb8sr2pnb8sr2-input-1","sourceX":1953.4441407396982,"sourceY":951.170176346207,"targetX":1736.7821325898117,"targetY":1133.8801478110488},{"type":"custom","updatable":true,"selectable":true,"markerEnd":"arrowclosed","sourceHandle":"pnb8sr2-output-1","targetHandle":"z40mu0b-input-1","source":"pnb8sr2","target":"z40mu0b","data":{},"events":{},"id":"vueflow__edge-pnb8sr2pnb8sr2-output-1-z40mu0bz40mu0b-input-1","sourceX":1968.7821325898117,"sourceY":1133.8801478110488,"targetX":1021.4088905003737,"targetY":1023.0169833386357},{"type":"custom","updatable":true,"selectable":true,"markerEnd":"arrowclosed","sourceHandle":"tdctu4y-output-1","targetHandle":"75al11v-input-1","source":"tdctu4y","target":"75al11v","data":{},"events":{},"id":"vueflow__edge-tdctu4ytdctu4y-output-1-75al11v75al11v-input-1","sourceX":1747.016123742619,"sourceY":-324.2640560838244,"targetX":1817.2071223249247,"targetY":-325.61460746243836},{"type":"custom","updatable":true,"selectable":true,"markerEnd":"arrowclosed","sourceHandle":"gzt5i6t-output-fallback","targetHandle":"a3j2weh-input-1","source":"gzt5i6t","target":"a3j2weh","data":{},"events":{},"id":"vueflow__edge-gzt5i6tgzt5i6t-output-fallback-a3j2weha3j2weh-input-1","sourceX":-26.820359438421235,"sourceY":277.4255414119712,"targetX":319.93112421013484,"targetY":-394.05441679827567},{"type":"custom","updatable":true,"selectable":true,"markerEnd":"arrowclosed","sourceHandle":"njvzk0e-output-3Ek4yJfonswwXWX0Labi-","targetHandle":"ak3axc2-input-1","source":"njvzk0e","target":"ak3axc2","data":{},"events":{},"id":"vueflow__edge-njvzk0enjvzk0e-output-3Ek4yJfonswwXWX0Labi--ak3axc2ak3axc2-input-1","sourceX":450.5414121500612,"sourceY":212.9724976178079,"targetX":253.14435807790142,"targetY":-192.04891468713475},{"type":"custom","updatable":true,"selectable":true,"markerEnd":"arrowclosed","sourceHandle":"njvzk0e-output-fallback","targetHandle":"f064wsn-input-1","source":"njvzk0e","target":"f064wsn","data":{},"events":{},"id":"vueflow__edge-njvzk0enjvzk0e-output-fallback-f064wsnf064wsn-input-1","sourceX":449.5414121500612,"sourceY":254.97251287659697,"targetX":491.8606032166265,"targetY":-450.6731948866436},{"type":"custom","updatable":true,"selectable":true,"markerEnd":"arrowclosed","sourceHandle":"3x3qmc2-output-1","targetHandle":"gzt5i6t-input-1","source":"3x3qmc2","target":"gzt5i6t","data":{},"events":{},"id":"vueflow__edge-3x3qmc23x3qmc2-output-1-gzt5i6tgzt5i6t-input-1","sourceX":-45.20556443504586,"sourceY":487.6957184517627,"targetX":-258.8203746972103,"targetY":255.4255414119712},{"type":"custom","updatable":true,"selectable":true,"markerEnd":"arrowclosed","sourceHandle":"gzt5i6t-output-1","targetHandle":"njvzk0e-input-1","source":"gzt5i6t","target":"njvzk0e","data":{},"events":{},"id":"vueflow__edge-gzt5i6tgzt5i6t-output-1-njvzk0enjvzk0e-input-1","sourceX":-26.820359438421235,"sourceY":255.4255414119712,"targetX":153.5414121500612,"targetY":202.37250677308134},{"type":"custom","updatable":true,"selectable":true,"markerEnd":"arrowclosed","sourceHandle":"bknhifx-output-1","targetHandle":"0ripad9-input-1","source":"bknhifx","target":"0ripad9","data":{},"events":{},"id":"vueflow__edge-bknhifxbknhifx-output-1-0ripad90ripad9-input-1","sourceX":1171.160915086022,"sourceY":54.355887801078836,"targetX":1293.3590542894365,"targetY":69.03315627339477},{"type":"custom","updatable":true,"selectable":true,"markerEnd":"arrowclosed","sourceHandle":"0ripad9-output-1","targetHandle":"2ryad7s-input-1","source":"0ripad9","target":"2ryad7s","data":{},"events":{},"id":"vueflow__edge-0ripad90ripad9-output-1-2ryad7s2ryad7s-input-1","sourceX":1525.3590542894365,"sourceY":69.03315627339477,"targetX":1579.0940253919864,"targetY":65.74076022095176},{"type":"custom","updatable":true,"selectable":true,"markerEnd":"arrowclosed","sourceHandle":"kk1qd5g-output-1","targetHandle":"en6itga-input-1","source":"kk1qd5g","target":"en6itga","data":{},"events":{},"id":"vueflow__edge-kk1qd5gkk1qd5g-output-1-en6itgaen6itga-input-1","sourceX":2715.2007236748077,"sourceY":48.884152846117516,"targetX":543.40288333787,"targetY":294.75839405327156},{"type":"custom","updatable":true,"selectable":true,"markerEnd":"arrowclosed","sourceHandle":"en6itga-output-1","targetHandle":"phufzhh-input-1","source":"en6itga","target":"phufzhh","data":{},"events":{},"id":"vueflow__edge-en6itgaen6itga-output-1-phufzhhphufzhh-input-1","sourceX":775.40288333787,"sourceY":294.75839405327156,"targetX":729.7696944141089,"targetY":322.4916667698211},{"type":"custom","updatable":true,"selectable":true,"markerEnd":"arrowclosed","sourceHandle":"phufzhh-output-1","targetHandle":"voxuh73-input-1","source":"phufzhh","target":"voxuh73","data":{},"events":{},"id":"vueflow__edge-phufzhhphufzhh-output-1-voxuh73voxuh73-input-1","sourceX":961.7696944141089,"sourceY":322.4916667698211,"targetX":1119.6022875627527,"targetY":168.87502330139003},{"type":"custom","updatable":true,"selectable":true,"markerEnd":"arrowclosed","sourceHandle":"y4wpaxw-output-1","targetHandle":"ol71e77-input-1","source":"y4wpaxw","target":"ol71e77","data":{},"events":{},"id":"vueflow__edge-y4wpaxwy4wpaxw-output-1-ol71e77ol71e77-input-1","sourceX":2145.8285383034545,"sourceY":177.75497277360196,"targetX":2241.058888970695,"targetY":167.05727909362272},{"type":"custom","updatable":true,"selectable":true,"markerEnd":"arrowclosed","sourceHandle":"ol71e77-output-1","targetHandle":"n27vpbk-input-1","source":"ol71e77","target":"n27vpbk","data":{},"events":{},"id":"vueflow__edge-ol71e77ol71e77-output-1-n27vpbkn27vpbk-input-1","sourceX":2473.058888970695,"sourceY":167.05727909362272,"targetX":2495.969885477971,"targetY":203.0263115047334},{"type":"custom","updatable":true,"selectable":true,"markerEnd":"arrowclosed","sourceHandle":"n27vpbk-output-1","targetHandle":"g7dsd85-input-1","source":"n27vpbk","target":"g7dsd85","data":{},"events":{},"id":"vueflow__edge-n27vpbkn27vpbk-output-1-g7dsd85g7dsd85-input-1","sourceX":2727.969885477971,"sourceY":203.0263115047334,"targetX":966.1972962283926,"targetY":306.4433925656218},{"type":"custom","updatable":true,"selectable":true,"markerEnd":"arrowclosed","sourceHandle":"r7w78mx-output-1","targetHandle":"l1fl7jm-input-1","source":"r7w78mx","target":"l1fl7jm","data":{},"events":{},"id":"vueflow__edge-r7w78mxr7w78mx-output-1-l1fl7jml1fl7jm-input-1","sourceX":2755.283841967032,"sourceY":-433.95452332892614,"targetX":1302.2822728276153,"targetY":-214.96098081047774},{"type":"custom","updatable":true,"selectable":true,"markerEnd":"arrowclosed","sourceHandle":"f064wsn-output-2","targetHandle":"9aj2n9f-input-1","source":"f064wsn","target":"9aj2n9f","data":{},"events":{},"id":"vueflow__edge-f064wsnf064wsn-output-2-9aj2n9f9aj2n9f-input-1","sourceX":787.8606032166265,"sourceY":-408.07315826554986,"targetX":935.7644284960377,"targetY":-750.5249774915555},{"type":"custom","updatable":true,"selectable":true,"markerEnd":"arrowclosed","sourceHandle":"lpch92h-output-1","targetHandle":"r7w78mx-input-1","source":"lpch92h","target":"r7w78mx","data":{},"events":{},"id":"vueflow__edge-lpch92hlpch92h-output-1-r7w78mxr7w78mx-input-1","sourceX":2262.762302710965,"sourceY":-813.2463731343555,"targetX":2523.283841967032,"targetY":-433.95452332892614},{"type":"custom","updatable":true,"selectable":true,"markerEnd":"arrowclosed","sourceHandle":"2ryad7s-output-1","targetHandle":"xjmth0j-input-1","source":"2ryad7s","target":"xjmth0j","data":{},"events":{},"id":"vueflow__edge-2ryad7s2ryad7s-output-1-xjmth0jxjmth0j-input-1","sourceX":1811.094147462299,"sourceY":65.74076022095176,"targetX":2192.120391189545,"targetY":-74.44608637653268},{"type":"custom","updatable":true,"selectable":true,"markerEnd":"arrowclosed","sourceHandle":"xjmth0j-output-1","targetHandle":"kk1qd5g-input-1","source":"xjmth0j","target":"kk1qd5g","data":{},"events":{},"id":"vueflow__edge-xjmth0jxjmth0j-output-1-kk1qd5gkk1qd5g-input-1","sourceX":2424.120391189545,"sourceY":-74.44608637653268,"targetX":2483.2007236748077,"targetY":48.884152846117516},{"type":"custom","updatable":true,"selectable":true,"markerEnd":"arrowclosed","sourceHandle":"xqy1xc3-output-1","targetHandle":"3x3qmc2-input-1","source":"xqy1xc3","target":"3x3qmc2","data":{},"events":{},"id":"vueflow__edge-xqy1xc3xqy1xc3-output-1-3x3qmc23x3qmc2-input-1","sourceX":1960.8989487066292,"sourceY":602.5719308025533,"targetX":-277.2055491762568,"targetY":487.6957184517627},{"type":"custom","updatable":true,"selectable":true,"markerEnd":"arrowclosed","sourceHandle":"a88e1q5-output-1","targetHandle":"ysp49bt-input-1","source":"a88e1q5","target":"ysp49bt","data":{},"events":{},"id":"vueflow__edge-a88e1q5a88e1q5-output-1-ysp49btysp49bt-input-1","sourceX":-92.85849257499478,"sourceY":-595.6804493883078,"targetX":-19.75083894598629,"targetY":-675.1729481351897},{"type":"custom","updatable":true,"selectable":true,"markerEnd":"arrowclosed","sourceHandle":"wkkq1um-output-1","targetHandle":"1kia4cl-input-1","source":"wkkq1um","target":"1kia4cl","data":{},"events":{},"id":"vueflow__edge-wkkq1umwkkq1um-output-1-1kia4cl1kia4cl-input-1","sourceX":682.4724002983389,"sourceY":-1114.9051272825698,"targetX":485.4233015146201,"targetY":-833.4703248569251},{"type":"custom","updatable":true,"selectable":true,"markerEnd":"arrowclosed","sourceHandle":"1kia4cl-output-vB_oRhUXH_YmVnD6B-XvB","targetHandle":"muly5rm-input-1","source":"1kia4cl","target":"muly5rm","data":{},"events":{},"id":"vueflow__edge-1kia4cl1kia4cl-output-vB_oRhUXH_YmVnD6B-XvB-muly5rmmuly5rm-input-1","sourceX":782.4232404794639,"sourceY":-822.8703492709876,"targetX":920.2805591629419,"targetY":-1372.618332823509},{"type":"custom","updatable":true,"selectable":true,"markerEnd":"arrowclosed","sourceHandle":"ysp49bt-output-1","targetHandle":"eujzycm-input-1","source":"ysp49bt","target":"eujzycm","data":{},"events":{},"id":"vueflow__edge-ysp49btysp49bt-output-1-eujzycmeujzycm-input-1","sourceX":212.2491610540137,"sourceY":-675.1729481351897,"targetX":-255.9570194395144,"targetY":-1140.8809980916376},{"type":"custom","updatable":true,"selectable":true,"markerEnd":"arrowclosed","sourceHandle":"1kia4cl-output-fallback","targetHandle":"a3j2weh-input-1","source":"1kia4cl","target":"a3j2weh","data":{},"events":{},"id":"vueflow__edge-1kia4cl1kia4cl-output-fallback-a3j2weha3j2weh-input-1","sourceX":781.4232404794639,"sourceY":-780.8703492709876,"targetX":319.93112421013484,"targetY":-394.05441679827567},{"type":"custom","updatable":true,"selectable":true,"markerEnd":"arrowclosed","sourceHandle":"l5u7i0u-output-1","targetHandle":"urrawge-input-1","source":"l5u7i0u","target":"urrawge","data":{},"events":{},"id":"vueflow__edge-l5u7i0ul5u7i0u-output-1-urrawgeurrawge-input-1","sourceX":1189.7151461708345,"sourceY":-632.4955383146962,"targetX":916.9261274371054,"targetY":-509.67530200661463},{"type":"custom","updatable":true,"selectable":true,"markerEnd":"arrowclosed","sourceHandle":"c5xt30o-output-fallback","targetHandle":"tdctu4y-input-1","source":"c5xt30o","target":"tdctu4y","data":{},"events":{},"id":"vueflow__edge-c5xt30oc5xt30o-output-fallback-tdctu4ytdctu4y-input-1","sourceX":1090.4393514976027,"sourceY":-254.96530725257912,"targetX":1515.016123742619,"targetY":-324.2640560838244},{"type":"custom","updatable":true,"selectable":true,"markerEnd":"arrowclosed","sourceHandle":"c5xt30o-output-1","targetHandle":"8v692xk-input-1","source":"c5xt30o","target":"8v692xk","data":{},"events":{},"id":"vueflow__edge-c5xt30oc5xt30o-output-1-8v692xk8v692xk-input-1","sourceX":1090.4393514976027,"sourceY":-276.9653072525791,"targetX":554.9124582287495,"targetY":75.36121093233528},{"type":"custom","updatable":true,"selectable":true,"markerEnd":"arrowclosed","sourceHandle":"8v692xk-output-1","targetHandle":"ln3by6i-input-1","source":"8v692xk","target":"ln3by6i","data":{},"events":{},"id":"vueflow__edge-8v692xk8v692xk-output-1-ln3by6iln3by6i-input-1","sourceX":786.9123971935933,"sourceY":75.36121093233528,"targetX":935.2378142356422,"targetY":-45.20556959255856},{"type":"custom","updatable":true,"selectable":true,"markerEnd":"arrowclosed","sourceHandle":"ln3by6i-output-1","targetHandle":"bknhifx-input-1","source":"ln3by6i","target":"bknhifx","data":{},"events":{},"id":"vueflow__edge-ln3by6iln3by6i-output-1-bknhifxbknhifx-input-1","sourceX":1167.2378142356422,"sourceY":-45.20556959255856,"targetX":939.160915086022,"targetY":54.355887801078836},{"type":"custom","updatable":true,"selectable":true,"markerEnd":"arrowclosed","sourceHandle":"vs67odo-output-1","targetHandle":"bnh6egh-input-1","source":"vs67odo","target":"bnh6egh","data":{},"events":{},"id":"vueflow__edge-vs67odovs67odo-output-1-bnh6eghbnh6egh-input-1","sourceX":1837.7728685349807,"sourceY":182.68799240226448,"targetX":1703.6847824278107,"targetY":-39.120732206102204},{"type":"custom","updatable":true,"selectable":true,"markerEnd":"arrowclosed","sourceHandle":"bnh6egh-output-fallback","targetHandle":"y4wpaxw-input-1","source":"bnh6egh","target":"y4wpaxw","data":{},"events":{},"id":"vueflow__edge-bnh6eghbnh6egh-output-fallback-y4wpaxwy4wpaxw-input-1","sourceX":1999.6847824278107,"sourceY":13.479273897413421,"targetX":1913.8285383034547,"targetY":177.75497277360196},{"type":"custom","updatable":true,"selectable":true,"markerEnd":"arrowclosed","sourceHandle":"bnh6egh-output-e2L7coxgXJZwePZRhPA0T","targetHandle":"qcyy98m-input-1","source":"bnh6egh","target":"qcyy98m","data":{},"events":{},"id":"vueflow__edge-bnh6eghbnh6egh-output-e2L7coxgXJZwePZRhPA0T-qcyy98mqcyy98m-input-1","sourceX":2000.6847824278107,"sourceY":-28.52072610258658,"targetX":1993.7644509263441,"targetY":159.86833187796424},{"type":"custom","updatable":true,"selectable":true,"markerEnd":"arrowclosed","sourceHandle":"qcyy98m-output-1","targetHandle":"ol71e77-input-1","source":"qcyy98m","target":"ol71e77","data":{},"events":{},"id":"vueflow__edge-qcyy98mqcyy98m-output-1-ol71e77ol71e77-input-1","sourceX":2225.764450926344,"sourceY":159.86833187796424,"targetX":2241.058888970695,"targetY":167.05727909362272},{"type":"custom","updatable":true,"selectable":true,"markerEnd":"arrowclosed","sourceHandle":"46fg0g9-output-1","targetHandle":"mey0oqj-input-1","source":"46fg0g9","target":"mey0oqj","data":{},"events":{},"id":"vueflow__edge-46fg0g946fg0g9-output-1-mey0oqjmey0oqj-input-1","sourceX":1809.4947659994891,"sourceY":320.44860200765174,"targetX":1862.8826514598543,"targetY":310.2618845350561},{"type":"custom","updatable":true,"selectable":true,"markerEnd":"arrowclosed","sourceHandle":"voxuh73-output-1","targetHandle":"nhtymqb-input-1","source":"voxuh73","target":"nhtymqb","data":{},"events":{},"id":"vueflow__edge-voxuh73voxuh73-output-1-nhtymqbnhtymqb-input-1","sourceX":1351.6022875627527,"sourceY":168.87502330139003,"targetX":1350.489470774075,"targetY":158.64052996664054},{"type":"custom","updatable":true,"selectable":true,"markerEnd":"arrowclosed","sourceHandle":"nhtymqb-output-1","targetHandle":"vs67odo-input-1","source":"nhtymqb","target":"vs67odo","data":{},"events":{},"id":"vueflow__edge-nhtymqbnhtymqb-output-1-vs67odovs67odo-input-1","sourceX":1582.489470774075,"sourceY":158.64052996664054,"targetX":1605.7728685349807,"targetY":182.68799240226448},{"type":"custom","updatable":true,"selectable":true,"markerEnd":"arrowclosed","sourceHandle":"kjj1677-output-1","targetHandle":"46fg0g9-input-1","source":"kjj1677","target":"46fg0g9","data":{},"events":{},"id":"vueflow__edge-kjj1677kjj1677-output-1-46fg0g946fg0g9-input-1","sourceX":1490.5864605626045,"sourceY":321.2513014967353,"targetX":1577.4947659994891,"targetY":320.44860200765174},{"type":"custom","updatable":true,"selectable":true,"markerEnd":"arrowclosed","sourceHandle":"urrawge-output-1","targetHandle":"lgpqx0n-input-1","source":"urrawge","target":"lgpqx0n","data":{},"events":{},"id":"vueflow__edge-urrawgeurrawge-output-1-lgpqx0nlgpqx0n-input-1","sourceX":1148.9261274371054,"sourceY":-509.67530200661463,"targetX":1272.8356225083282,"targetY":-571.1475881525398},{"type":"custom","updatable":true,"selectable":true,"markerEnd":"arrowclosed","sourceHandle":"lgpqx0n-output-1","targetHandle":"qjfesin-input-1","source":"lgpqx0n","target":"qjfesin","data":{},"events":{},"id":"vueflow__edge-lgpqx0nlgpqx0n-output-1-qjfesinqjfesin-input-1","sourceX":1504.8356225083282,"sourceY":-571.1475881525398,"targetX":911.2816237446311,"targetY":-352.75685253462393},{"type":"custom","updatable":true,"selectable":true,"markerEnd":"arrowclosed","sourceHandle":"qjfesin-output-1","targetHandle":"aqncna7-input-1","source":"qjfesin","target":"aqncna7","data":{},"events":{},"id":"vueflow__edge-qjfesinqjfesin-output-1-aqncna7aqncna7-input-1","sourceX":1143.2816237446311,"sourceY":-352.75685253462393,"targetX":1160.2885530937447,"targetY":-369.03116536816367},{"type":"custom","updatable":true,"selectable":true,"markerEnd":"arrowclosed","sourceHandle":"aqncna7-output-1","targetHandle":"c5xt30o-input-1","source":"aqncna7","target":"c5xt30o","data":{},"events":{},"id":"vueflow__edge-aqncna7aqncna7-output-1-c5xt30oc5xt30o-input-1","sourceX":1392.2885530937447,"sourceY":-369.03116536816367,"targetX":858.4393514976027,"targetY":-276.9653072525791},{"type":"custom","updatable":true,"selectable":true,"markerEnd":"arrowclosed","sourceHandle":"75al11v-output-1","targetHandle":"r7w78mx-input-1","source":"75al11v","target":"r7w78mx","data":{},"events":{},"id":"vueflow__edge-75al11v75al11v-output-1-r7w78mxr7w78mx-input-1","sourceX":2049.207122324925,"sourceY":-325.61460746243836,"targetX":2523.283841967032,"targetY":-433.95452332892614},{"type":"custom","updatable":true,"selectable":true,"markerEnd":"arrowclosed","sourceHandle":"8v692xk-output-fallback","targetHandle":"b7yblpw-input-1","source":"8v692xk","target":"b7yblpw","data":{},"events":{},"id":"vueflow__edge-8v692xk8v692xk-output-fallback-b7yblpwb7yblpw-input-1","sourceX":786.9123971935933,"sourceY":97.36121093233528,"targetX":1893.8406624081954,"targetY":714.9226280295779},{"type":"custom","updatable":true,"selectable":true,"markerEnd":"arrowclosed","sourceHandle":"b7yblpw-output-1","targetHandle":"baklkrn-input-1","source":"b7yblpw","target":"baklkrn","data":{},"events":{},"id":"vueflow__edge-b7yblpwb7yblpw-output-1-baklkrnbaklkrn-input-1","sourceX":2125.8406624081954,"sourceY":714.9226280295779,"targetX":2212.965694746996,"targetY":662.1206281667455},{"type":"custom","updatable":true,"selectable":true,"markerEnd":"arrowclosed","sourceHandle":"baklkrn-output-1","targetHandle":"2ec25l9-input-1","source":"baklkrn","target":"2ec25l9","data":{},"events":{},"id":"vueflow__edge-baklkrnbaklkrn-output-1-2ec25l92ec25l9-input-1","sourceX":2444.965694746996,"sourceY":662.1206281667455,"targetX":2547.1177037868842,"targetY":622.4447630391635},{"type":"custom","updatable":true,"selectable":true,"markerEnd":"arrowclosed","sourceHandle":"2ec25l9-output-1","targetHandle":"9pepq0q-input-1","source":"2ec25l9","target":"9pepq0q","data":{},"events":{},"id":"vueflow__edge-2ec25l92ec25l9-output-1-9pepq0q9pepq0q-input-1","class":"source-2ec25l9-output-1 target-9pepq0q-input-1","sourceX":2779.1177037868842,"sourceY":622.4447630391635,"targetX":2270.068251984562,"targetY":800.9025936363141},{"type":"custom","updatable":true,"selectable":true,"markerEnd":"arrowclosed","sourceHandle":"9pepq0q-output-1","targetHandle":"l1fl7jm-input-1","source":"9pepq0q","target":"l1fl7jm","data":{},"events":{},"id":"vueflow__edge-9pepq0q9pepq0q-output-1-l1fl7jml1fl7jm-input-1","class":"source-9pepq0q-output-1 target-l1fl7jm-input-1","sourceX":2502.068251984562,"sourceY":800.9025936363141,"targetX":1302.2822728276153,"targetY":-214.96098081047774},{"sourceHandle":"eujzycm-output-1","targetHandle":"fa1r367-input-1","type":"custom","source":"eujzycm","target":"fa1r367","updatable":true,"selectable":true,"data":{},"events":{},"markerEnd":"arrowclosed","id":"vueflow__edge-eujzycmeujzycm-output-1-fa1r367fa1r367-input-1","sourceX":-23.95703469830346,"sourceY":-1140.8809980916376,"targetX":100.37472992436159,"targetY":-1363.0576592450434},{"sourceHandle":"fa1r367-output-luNkJhTyoIwq4oMLHsZD_","targetHandle":"wkkq1um-input-1","type":"custom","source":"fa1r367","target":"wkkq1um","updatable":true,"selectable":true,"data":{},"events":{},"markerEnd":"arrowclosed","id":"vueflow__edge-fa1r367fa1r367-output-luNkJhTyoIwq4oMLHsZD_-wkkq1umwkkq1um-input-1","sourceX":397.39567911989013,"sourceY":-1338.4721400279643,"targetX":450.4724002983389,"targetY":-1114.9051272825698}],"position":[507.39095505770626,1094.6366252145715],"zoom":0.603336348239081,"viewport":{"x":507.39095505770626,"y":1094.6366252145715,"zoom":0.603336348239081}},"settings":{"publicId":"","blockDelay":0,"saveLog":true,"debugMode":false,"restartTimes":3,"notification":false,"execContext":"popup","reuseLastState":false,"inputAutocomplete":true,"onError":"stop-workflow","executedBlockOnWeb":false,"insertDefaultColumn":false,"defaultColumnName":"column","tabLoadTimeout":30000},"globalData":"{\n\t\"key\": \"value\"\n}","description":"","includedWorkflows":{}}